asset_id,runtime_package,static_editable_sources,ledger_source_pairing_unchanged,ledger_licence_state_unchanged,ledger_release_blocker_unchanged,registry_state,asset_classes,import_data_states,actual_direct_sources,actual_source_pairing_evidence,static_candidate_relation,selected_direct_dependency_sources,dependency_source_evidence,dependencies_state,dependencies_count,referencers_state,referencers_count,entry_map_direct_matches,wilds_external_actor_two_edge_count,runtime_visibility,evidence
ue:/Game/Hearthward/Assets/Demo/bed/Color,/Game/Hearthward/Assets/Demo/bed/Color,UNRESOLVED,UNKNOWN,UNKNOWN,SOURCE_OR_LICENCE_UNKNOWN,READ,"[""Texture2D""]","[""READ""]","[{""filename"":""Color.jpg"",""state"":""NOT_READ_OUTSIDE_ART_SOURCE"",""bytes"":null}]",IMPORTED_EXTERNAL_FILENAME_ONLY,NOT_EVALUATED,[],NO_SOURCE_EVIDENCE_WITHIN_SELECTED_DIRECT_DEPENDENCIES,READ,1,READ,1,[],0,NOT_EVALUATED,docs/qa/TASK-094/registry-sources-20261007-01/asset-sources.json
ue:/Game/Hearthward/Assets/Demo/bed/Metallic,/Game/Hearthward/Assets/Demo/bed/Metallic,UNRESOLVED,UNKNOWN,UNKNOWN,SOURCE_OR_LICENCE_UNKNOWN,READ,"[""Texture2D""]","[""READ""]","[{""filename"":""Metallic.jpg"",""state"":""NOT_READ_OUTSIDE_ART_SOURCE"",""bytes"":null}]",IMPORTED_EXTERNAL_FILENAME_ONLY,NOT_EVALUATED,[],NO_SOURCE_EVIDENCE_WITHIN_SELECTED_DIRECT_DEPENDENCIES,READ,1,READ,0,[],0,NOT_EVALUATED,docs/qa/TASK-094/registry-sources-20261007-01/asset-sources.json
ue:/Game/Hearthward/Assets/Demo/bed/Normal,/Game/Hearthward/Assets/Demo/bed/Normal,UNRESOLVED,UNKNOWN,UNKNOWN,SOURCE_OR_LICENCE_UNKNOWN,READ,"[""Texture2D""]","[""READ""]","[{""filename"":""Normal.jpg"",""state"":""NOT_READ_OUTSIDE_ART_SOURCE"",""bytes"":null}]",IMPORTED_EXTERNAL_FILENAME_ONLY,NOT_EVALUATED,[],NO_SOURCE_EVIDENCE_WITHIN_SELECTED_DIRECT_DEPENDENCIES,READ,1,READ,1,[],0,NOT_EVALUATED,docs/qa/TASK-094/registry-sources-20261007-01/asset-sources.json
ue:/Game/Hearthward/Assets/Demo/bed/Roughness,/Game/Hearthward/Assets/Demo/bed/Roughness,UNRESOLVED,UNKNOWN,UNKNOWN,SOURCE_OR_LICENCE_UNKNOWN,READ,"[""Texture2D""]","[""READ""]","[{""filename"":""Roughness.jpg"",""state"":""NOT_READ_OUTSIDE_ART_SOURCE"",""bytes"":null}]",IMPORTED_EXTERNAL_FILENAME_ONLY,NOT_EVALUATED,[],NO_SOURCE_EVIDENCE_WITHIN_SELECTED_DIRECT_DEPENDENCIES,READ,1,READ,1,[],0,NOT_EVALUATED,docs/qa/TASK-094/registry-sources-20261007-01/asset-sources.json
ue:/Game/Hearthward/Assets/Demo/bed/tripo_mat_4f3ec881,/Game/Hearthward/Assets/Demo/bed/tripo_mat_4f3ec881,UNRESOLVED,UNKNOWN,UNKNOWN,SOURCE_OR_LICENCE_UNKNOWN,READ,"[""MaterialInstanceConstant""]","[""NOT_APPLICABLE_TO_CLASS""]",[],NOT_APPLICABLE_TO_CLASS,NOT_EVALUATED,"[{""dependency"":""/Game/Hearthward/Assets/Demo/bed/Color"",""registry_state"":""READ"",""import_data"":[{""state"":""READ"",""class_name"":""InterchangeAssetImportData"",""count"":1,""files"":[{""filename"":""Color.jpg"",""state"":""NOT_READ_OUTSIDE_ART_SOURCE"",""bytes"":null}],""pairing_state"":""IMPORTED_SOURCE_PATHS_RECORDED"",""licence_inference"":""NONE; import paths and file presence do not establish author/terms""}]},{""dependency"":""/Game/Hearthward/Assets/Demo/bed/Normal"",""registry_state"":""READ"",""import_data"":[{""state"":""READ"",""class_name"":""InterchangeAssetImportData"",""count"":1,""files"":[{""filename"":""Normal.jpg"",""state"":""NOT_READ_OUTSIDE_ART_SOURCE"",""bytes"":null}],""pairing_state"":""IMPORTED_SOURCE_PATHS_RECORDED"",""licence_inference"":""NONE; import paths and file presence do not establish author/terms""}]},{""dependency"":""/Game/Hearthward/Assets/Demo/bed/Roughness"",""registry_state"":""READ"",""import_data"":[{""state"":""READ"",""class_name"":""InterchangeAssetImportData"",""count"":1,""files"":[{""filename"":""Roughness.jpg"",""state"":""NOT_READ_OUTSIDE_ART_SOURCE"",""bytes"":null}],""pairing_state"":""IMPORTED_SOURCE_PATHS_RECORDED"",""licence_inference"":""NONE; import paths and file presence do not establish author/terms""}]}]",DIRECT_DEPENDENCY_EXTERNAL_FILENAME_ONLY,READ,5,READ,1,[],0,NOT_EVALUATED,docs/qa/TASK-094/registry-sources-20261007-01/asset-sources.json
ue:/Game/Hearthward/Assets/Demo/campfire/Color,/Game/Hearthward/Assets/Demo/campfire/Color,UNRESOLVED,UNKNOWN,UNKNOWN,SOURCE_OR_LICENCE_UNKNOWN,READ,"[""Texture2D""]","[""READ""]","[{""filename"":""Color.jpg"",""state"":""NOT_READ_OUTSIDE_ART_SOURCE"",""bytes"":null}]",IMPORTED_EXTERNAL_FILENAME_ONLY,NOT_EVALUATED,[],NO_SOURCE_EVIDENCE_WITHIN_SELECTED_DIRECT_DEPENDENCIES,READ,1,READ,1,[],0,NOT_EVALUATED,docs/qa/TASK-094/registry-sources-20261007-01/asset-sources.json
ue:/Game/Hearthward/Assets/Demo/campfire/Metallic,/Game/Hearthward/Assets/Demo/campfire/Metallic,UNRESOLVED,UNKNOWN,UNKNOWN,SOURCE_OR_LICENCE_UNKNOWN,READ,"[""Texture2D""]","[""READ""]","[{""filename"":""Metallic.jpg"",""state"":""NOT_READ_OUTSIDE_ART_SOURCE"",""bytes"":null}]",IMPORTED_EXTERNAL_FILENAME_ONLY,NOT_EVALUATED,[],NO_SOURCE_EVIDENCE_WITHIN_SELECTED_DIRECT_DEPENDENCIES,READ,1,READ,0,[],0,NOT_EVALUATED,docs/qa/TASK-094/registry-sources-20261007-01/asset-sources.json
ue:/Game/Hearthward/Assets/Demo/campfire/Normal,/Game/Hearthward/Assets/Demo/campfire/Normal,UNRESOLVED,UNKNOWN,UNKNOWN,SOURCE_OR_LICENCE_UNKNOWN,READ,"[""Texture2D""]","[""READ""]","[{""filename"":""Normal.jpg"",""state"":""NOT_READ_OUTSIDE_ART_SOURCE"",""bytes"":null}]",IMPORTED_EXTERNAL_FILENAME_ONLY,NOT_EVALUATED,[],NO_SOURCE_EVIDENCE_WITHIN_SELECTED_DIRECT_DEPENDENCIES,READ,1,READ,1,[],0,NOT_EVALUATED,docs/qa/TASK-094/registry-sources-20261007-01/asset-sources.json
ue:/Game/Hearthward/Assets/Demo/campfire/Roughness,/Game/Hearthward/Assets/Demo/campfire/Roughness,UNRESOLVED,UNKNOWN,UNKNOWN,SOURCE_OR_LICENCE_UNKNOWN,READ,"[""Texture2D""]","[""READ""]","[{""filename"":""Roughness.jpg"",""state"":""NOT_READ_OUTSIDE_ART_SOURCE"",""bytes"":null}]",IMPORTED_EXTERNAL_FILENAME_ONLY,NOT_EVALUATED,[],NO_SOURCE_EVIDENCE_WITHIN_SELECTED_DIRECT_DEPENDENCIES,READ,1,READ,1,[],0,NOT_EVALUATED,docs/qa/TASK-094/registry-sources-20261007-01/asset-sources.json
ue:/Game/Hearthward/Assets/Demo/campfire/tripo_mat_578cc516,/Game/Hearthward/Assets/Demo/campfire/tripo_mat_578cc516,UNRESOLVED,UNKNOWN,UNKNOWN,SOURCE_OR_LICENCE_UNKNOWN,READ,"[""MaterialInstanceConstant""]","[""NOT_APPLICABLE_TO_CLASS""]",[],NOT_APPLICABLE_TO_CLASS,NOT_EVALUATED,"[{""dependency"":""/Game/Hearthward/Assets/Demo/campfire/Color"",""registry_state"":""READ"",""import_data"":[{""state"":""READ"",""class_name"":""InterchangeAssetImportData"",""count"":1,""files"":[{""filename"":""Color.jpg"",""state"":""NOT_READ_OUTSIDE_ART_SOURCE"",""bytes"":null}],""pairing_state"":""IMPORTED_SOURCE_PATHS_RECORDED"",""licence_inference"":""NONE; import paths and file presence do not establish author/terms""}]},{""dependency"":""/Game/Hearthward/Assets/Demo/campfire/Normal"",""registry_state"":""READ"",""import_data"":[{""state"":""READ"",""class_name"":""InterchangeAssetImportData"",""count"":1,""files"":[{""filename"":""Normal.jpg"",""state"":""NOT_READ_OUTSIDE_ART_SOURCE"",""bytes"":null}],""pairing_state"":""IMPORTED_SOURCE_PATHS_RECORDED"",""licence_inference"":""NONE; import paths and file presence do not establish author/terms""}]},{""dependency"":""/Game/Hearthward/Assets/Demo/campfire/Roughness"",""registry_state"":""READ"",""import_data"":[{""state"":""READ"",""class_name"":""InterchangeAssetImportData"",""count"":1,""files"":[{""filename"":""Roughness.jpg"",""state"":""NOT_READ_OUTSIDE_ART_SOURCE"",""bytes"":null}],""pairing_state"":""IMPORTED_SOURCE_PATHS_RECORDED"",""licence_inference"":""NONE; import paths and file presence do not establish author/terms""}]}]",DIRECT_DEPENDENCY_EXTERNAL_FILENAME_ONLY,READ,5,READ,1,[],0,NOT_EVALUATED,docs/qa/TASK-094/registry-sources-20261007-01/asset-sources.json
ue:/Game/Hearthward/Assets/Demo/chest/Color,/Game/Hearthward/Assets/Demo/chest/Color,UNRESOLVED,UNKNOWN,UNKNOWN,SOURCE_OR_LICENCE_UNKNOWN,READ,"[""Texture2D""]","[""READ""]","[{""filename"":""Color.jpg"",""state"":""NOT_READ_OUTSIDE_ART_SOURCE"",""bytes"":null}]",IMPORTED_EXTERNAL_FILENAME_ONLY,NOT_EVALUATED,[],NO_SOURCE_EVIDENCE_WITHIN_SELECTED_DIRECT_DEPENDENCIES,READ,1,READ,1,[],0,NOT_EVALUATED,docs/qa/TASK-094/registry-sources-20261007-01/asset-sources.json
ue:/Game/Hearthward/Assets/Demo/chest/Metallic,/Game/Hearthward/Assets/Demo/chest/Metallic,UNRESOLVED,UNKNOWN,UNKNOWN,SOURCE_OR_LICENCE_UNKNOWN,READ,"[""Texture2D""]","[""READ""]","[{""filename"":""Metallic.jpg"",""state"":""NOT_READ_OUTSIDE_ART_SOURCE"",""bytes"":null}]",IMPORTED_EXTERNAL_FILENAME_ONLY,NOT_EVALUATED,[],NO_SOURCE_EVIDENCE_WITHIN_SELECTED_DIRECT_DEPENDENCIES,READ,1,READ,0,[],0,NOT_EVALUATED,docs/qa/TASK-094/registry-sources-20261007-01/asset-sources.json
ue:/Game/Hearthward/Assets/Demo/chest/Normal,/Game/Hearthward/Assets/Demo/chest/Normal,UNRESOLVED,UNKNOWN,UNKNOWN,SOURCE_OR_LICENCE_UNKNOWN,READ,"[""Texture2D""]","[""READ""]","[{""filename"":""Normal.jpg"",""state"":""NOT_READ_OUTSIDE_ART_SOURCE"",""bytes"":null}]",IMPORTED_EXTERNAL_FILENAME_ONLY,NOT_EVALUATED,[],NO_SOURCE_EVIDENCE_WITHIN_SELECTED_DIRECT_DEPENDENCIES,READ,1,READ,1,[],0,NOT_EVALUATED,docs/qa/TASK-094/registry-sources-20261007-01/asset-sources.json
ue:/Game/Hearthward/Assets/Demo/chest/Roughness,/Game/Hearthward/Assets/Demo/chest/Roughness,UNRESOLVED,UNKNOWN,UNKNOWN,SOURCE_OR_LICENCE_UNKNOWN,READ,"[""Texture2D""]","[""READ""]","[{""filename"":""Roughness.jpg"",""state"":""NOT_READ_OUTSIDE_ART_SOURCE"",""bytes"":null}]",IMPORTED_EXTERNAL_FILENAME_ONLY,NOT_EVALUATED,[],NO_SOURCE_EVIDENCE_WITHIN_SELECTED_DIRECT_DEPENDENCIES,READ,1,READ,1,[],0,NOT_EVALUATED,docs/qa/TASK-094/registry-sources-20261007-01/asset-sources.json
ue:/Game/Hearthward/Assets/Demo/chest/tripo_mat_911b746d,/Game/Hearthward/Assets/Demo/chest/tripo_mat_911b746d,UNRESOLVED,UNKNOWN,UNKNOWN,SOURCE_OR_LICENCE_UNKNOWN,READ,"[""MaterialInstanceConstant""]","[""NOT_APPLICABLE_TO_CLASS""]",[],NOT_APPLICABLE_TO_CLASS,NOT_EVALUATED,"[{""dependency"":""/Game/Hearthward/Assets/Demo/chest/Color"",""registry_state"":""READ"",""import_data"":[{""state"":""READ"",""class_name"":""InterchangeAssetImportData"",""count"":1,""files"":[{""filename"":""Color.jpg"",""state"":""NOT_READ_OUTSIDE_ART_SOURCE"",""bytes"":null}],""pairing_state"":""IMPORTED_SOURCE_PATHS_RECORDED"",""licence_inference"":""NONE; import paths and file presence do not establish author/terms""}]},{""dependency"":""/Game/Hearthward/Assets/Demo/chest/Normal"",""registry_state"":""READ"",""import_data"":[{""state"":""READ"",""class_name"":""InterchangeAssetImportData"",""count"":1,""files"":[{""filename"":""Normal.jpg"",""state"":""NOT_READ_OUTSIDE_ART_SOURCE"",""bytes"":null}],""pairing_state"":""IMPORTED_SOURCE_PATHS_RECORDED"",""licence_inference"":""NONE; import paths and file presence do not establish author/terms""}]},{""dependency"":""/Game/Hearthward/Assets/Demo/chest/Roughness"",""registry_state"":""READ"",""import_data"":[{""state"":""READ"",""class_name"":""InterchangeAssetImportData"",""count"":1,""files"":[{""filename"":""Roughness.jpg"",""state"":""NOT_READ_OUTSIDE_ART_SOURCE"",""bytes"":null}],""pairing_state"":""IMPORTED_SOURCE_PATHS_RECORDED"",""licence_inference"":""NONE; import paths and file presence do not establish author/terms""}]}]",DIRECT_DEPENDENCY_EXTERNAL_FILENAME_ONLY,READ,5,READ,1,[],0,NOT_EVALUATED,docs/qa/TASK-094/registry-sources-20261007-01/asset-sources.json
ue:/Game/Hearthward/Assets/Demo/table/Color,/Game/Hearthward/Assets/Demo/table/Color,UNRESOLVED,UNKNOWN,UNKNOWN,SOURCE_OR_LICENCE_UNKNOWN,READ,"[""Texture2D""]","[""READ""]","[{""filename"":""Color.jpg"",""state"":""NOT_READ_OUTSIDE_ART_SOURCE"",""bytes"":null}]",IMPORTED_EXTERNAL_FILENAME_ONLY,NOT_EVALUATED,[],NO_SOURCE_EVIDENCE_WITHIN_SELECTED_DIRECT_DEPENDENCIES,READ,1,READ,1,[],0,NOT_EVALUATED,docs/qa/TASK-094/registry-sources-20261007-01/asset-sources.json
ue:/Game/Hearthward/Assets/Demo/table/Metallic,/Game/Hearthward/Assets/Demo/table/Metallic,UNRESOLVED,UNKNOWN,UNKNOWN,SOURCE_OR_LICENCE_UNKNOWN,READ,"[""Texture2D""]","[""READ""]","[{""filename"":""Metallic.jpg"",""state"":""NOT_READ_OUTSIDE_ART_SOURCE"",""bytes"":null}]",IMPORTED_EXTERNAL_FILENAME_ONLY,NOT_EVALUATED,[],NO_SOURCE_EVIDENCE_WITHIN_SELECTED_DIRECT_DEPENDENCIES,READ,1,READ,0,[],0,NOT_EVALUATED,docs/qa/TASK-094/registry-sources-20261007-01/asset-sources.json
ue:/Game/Hearthward/Assets/Demo/table/Normal,/Game/Hearthward/Assets/Demo/table/Normal,UNRESOLVED,UNKNOWN,UNKNOWN,SOURCE_OR_LICENCE_UNKNOWN,READ,"[""Texture2D""]","[""READ""]","[{""filename"":""Normal.jpg"",""state"":""NOT_READ_OUTSIDE_ART_SOURCE"",""bytes"":null}]",IMPORTED_EXTERNAL_FILENAME_ONLY,NOT_EVALUATED,[],NO_SOURCE_EVIDENCE_WITHIN_SELECTED_DIRECT_DEPENDENCIES,READ,1,READ,1,[],0,NOT_EVALUATED,docs/qa/TASK-094/registry-sources-20261007-01/asset-sources.json
ue:/Game/Hearthward/Assets/Demo/table/Roughness,/Game/Hearthward/Assets/Demo/table/Roughness,UNRESOLVED,UNKNOWN,UNKNOWN,SOURCE_OR_LICENCE_UNKNOWN,READ,"[""Texture2D""]","[""READ""]","[{""filename"":""Roughness.jpg"",""state"":""NOT_READ_OUTSIDE_ART_SOURCE"",""bytes"":null}]",IMPORTED_EXTERNAL_FILENAME_ONLY,NOT_EVALUATED,[],NO_SOURCE_EVIDENCE_WITHIN_SELECTED_DIRECT_DEPENDENCIES,READ,1,READ,1,[],0,NOT_EVALUATED,docs/qa/TASK-094/registry-sources-20261007-01/asset-sources.json
ue:/Game/Hearthward/Assets/Demo/table/tripo_mat_a463c066,/Game/Hearthward/Assets/Demo/table/tripo_mat_a463c066,UNRESOLVED,UNKNOWN,UNKNOWN,SOURCE_OR_LICENCE_UNKNOWN,READ,"[""MaterialInstanceConstant""]","[""NOT_APPLICABLE_TO_CLASS""]",[],NOT_APPLICABLE_TO_CLASS,NOT_EVALUATED,"[{""dependency"":""/Game/Hearthward/Assets/Demo/table/Color"",""registry_state"":""READ"",""import_data"":[{""state"":""READ"",""class_name"":""InterchangeAssetImportData"",""count"":1,""files"":[{""filename"":""Color.jpg"",""state"":""NOT_READ_OUTSIDE_ART_SOURCE"",""bytes"":null}],""pairing_state"":""IMPORTED_SOURCE_PATHS_RECORDED"",""licence_inference"":""NONE; import paths and file presence do not establish author/terms""}]},{""dependency"":""/Game/Hearthward/Assets/Demo/table/Normal"",""registry_state"":""READ"",""import_data"":[{""state"":""READ"",""class_name"":""InterchangeAssetImportData"",""count"":1,""files"":[{""filename"":""Normal.jpg"",""state"":""NOT_READ_OUTSIDE_ART_SOURCE"",""bytes"":null}],""pairing_state"":""IMPORTED_SOURCE_PATHS_RECORDED"",""licence_inference"":""NONE; import paths and file presence do not establish author/terms""}]},{""dependency"":""/Game/Hearthward/Assets/Demo/table/Roughness"",""registry_state"":""READ"",""import_data"":[{""state"":""READ"",""class_name"":""InterchangeAssetImportData"",""count"":1,""files"":[{""filename"":""Roughness.jpg"",""state"":""NOT_READ_OUTSIDE_ART_SOURCE"",""bytes"":null}],""pairing_state"":""IMPORTED_SOURCE_PATHS_RECORDED"",""licence_inference"":""NONE; import paths and file presence do not establish author/terms""}]}]",DIRECT_DEPENDENCY_EXTERNAL_FILENAME_ONLY,READ,5,READ,1,[],0,NOT_EVALUATED,docs/qa/TASK-094/registry-sources-20261007-01/asset-sources.json
ue:/Game/Hearthward/Assets/NaturalWorld/Rebuild/Foliage/GT_Meadow,/Game/Hearthward/Assets/NaturalWorld/Rebuild/Foliage/GT_Meadow,art_source/TASK-026/Rebuild/,SOURCE_FAMILY_CANDIDATE,UNKNOWN,SOURCE_OR_LICENCE_UNKNOWN,READ,"[""LandscapeGrassType""]","[""NOT_APPLICABLE_TO_CLASS""]",[],NOT_APPLICABLE_TO_CLASS,NOT_EVALUATED,"[{""dependency"":""/Game/Hearthward/Assets/NaturalWorld/Rebuild/Meshes/GrassCards/StaticMeshes/SM_GrassCards"",""registry_state"":""READ"",""import_data"":[{""state"":""READ"",""class_name"":""InterchangeAssetImportData"",""count"":1,""files"":[{""project_relative_source"":""art_source/TASK-026/Rebuild/water/GrassCards.glb"",""state"":""PRESENT"",""bytes"":1636}],""pairing_state"":""IMPORTED_SOURCE_PATHS_RECORDED"",""licence_inference"":""NONE; import paths and file presence do not establish author/terms""}]}]",DIRECT_DEPENDENCY_PROJECT_SOURCE_PRESENT,READ,2,READ,65,[],64,NOT_EVALUATED,docs/qa/TASK-094/registry-sources-20261007-01/asset-sources.json
ue:/Game/Hearthward/Assets/NaturalWorld/Rebuild/Foliage/GT_S1_Meadow,/Game/Hearthward/Assets/NaturalWorld/Rebuild/Foliage/GT_S1_Meadow,art_source/TASK-026/Rebuild/,SOURCE_FAMILY_CANDIDATE,UNKNOWN,SOURCE_OR_LICENCE_UNKNOWN,READ,"[""LandscapeGrassType""]","[""NOT_APPLICABLE_TO_CLASS""]",[],NOT_APPLICABLE_TO_CLASS,NOT_EVALUATED,"[{""dependency"":""/Game/Hearthward/Assets/NaturalWorld/Rebuild/Meshes/SM_S1_GrassCards"",""registry_state"":""READ"",""import_data"":[{""state"":""READ"",""class_name"":""InterchangeAssetImportData"",""count"":1,""files"":[{""filename"":""GrassCards.glb"",""state"":""NOT_READ_OUTSIDE_ART_SOURCE"",""bytes"":null}],""pairing_state"":""IMPORTED_SOURCE_PATHS_RECORDED"",""licence_inference"":""NONE; import paths and file presence do not establish author/terms""}]}]",DIRECT_DEPENDENCY_EXTERNAL_FILENAME_ONLY,READ,2,READ,5,[],4,NOT_EVALUATED,docs/qa/TASK-094/registry-sources-20261007-01/asset-sources.json
ue:/Game/Hearthward/Assets/NaturalWorld/Rebuild/Materials/M_CampFir_Bark,/Game/Hearthward/Assets/NaturalWorld/Rebuild/Materials/M_CampFir_Bark,art_source/TASK-004/polyhaven/,SOURCE_FAMILY_CANDIDATE,CC0_SOURCE_RECORDED_PACKAGE_PAIRING_PENDING,EXACT_SOURCE_PAIR_AND_OWNER_VISUAL_PENDING,READ,"[""Material""]","[""NOT_APPLICABLE_TO_CLASS""]",[],NOT_APPLICABLE_TO_CLASS,NOT_EVALUATED,"[{""dependency"":""/Game/Hearthward/Assets/NaturalWorld/Rebuild/Textures/T_CampFir_Bark_D"",""registry_state"":""READ"",""import_data"":[{""state"":""READ"",""class_name"":""InterchangeAssetImportData"",""count"":1,""files"":[{""project_relative_source"":""art_source/TASK-004/polyhaven/树木/冷杉树/textures/fir_tree_01_bark_diff_4k.png"",""state"":""PRESENT"",""bytes"":84656318}],""pairing_state"":""IMPORTED_SOURCE_PATHS_RECORDED"",""licence_inference"":""NONE; import paths and file presence do not establish author/terms""}]},{""dependency"":""/Game/Hearthward/Assets/NaturalWorld/Rebuild/Textures/T_CampFir_Bark_N"",""registry_state"":""READ"",""import_data"":[{""state"":""READ"",""class_name"":""InterchangeAssetImportData"",""count"":1,""files"":[{""project_relative_source"":""art_source/TASK-004/polyhaven/树木/冷杉树/textures/fir_tree_01_bark_nor_gl_4k.png"",""state"":""PRESENT"",""bytes"":85406477}],""pairing_state"":""IMPORTED_SOURCE_PATHS_RECORDED"",""licence_inference"":""NONE; import paths and file presence do not establish author/terms""}]},{""dependency"":""/Game/Hearthward/Assets/NaturalWorld/Rebuild/Textures/T_CampFir_Bark_R"",""registry_state"":""READ"",""import_data"":[{""state"":""READ"",""class_name"":""InterchangeAssetImportData"",""count"":1,""files"":[{""project_relative_source"":""art_source/TASK-004/polyhaven/树木/冷杉树/textures/fir_tree_01_bark_rough_4k.png"",""state"":""PRESENT"",""bytes"":26676574}],""pairing_state"":""IMPORTED_SOURCE_PATHS_RECORDED"",""licence_inference"":""NONE; import paths and file presence do not establish author/terms""}]}]",DIRECT_DEPENDENCY_PROJECT_SOURCE_PRESENT,READ,3,READ,2,[],0,NOT_EVALUATED,docs/qa/TASK-094/registry-sources-20261007-01/asset-sources.json
ue:/Game/Hearthward/Assets/NaturalWorld/Rebuild/Materials/M_CampFir_TrunkA,/Game/Hearthward/Assets/NaturalWorld/Rebuild/Materials/M_CampFir_TrunkA,art_source/TASK-004/polyhaven/,SOURCE_FAMILY_CANDIDATE,CC0_SOURCE_RECORDED_PACKAGE_PAIRING_PENDING,EXACT_SOURCE_PAIR_AND_OWNER_VISUAL_PENDING,READ,"[""Material""]","[""NOT_APPLICABLE_TO_CLASS""]",[],NOT_APPLICABLE_TO_CLASS,NOT_EVALUATED,"[{""dependency"":""/Game/Hearthward/Assets/NaturalWorld/Rebuild/Textures/T_CampFir_TrunkA_D"",""registry_state"":""READ"",""import_data"":[{""state"":""READ"",""class_name"":""InterchangeAssetImportData"",""count"":1,""files"":[{""project_relative_source"":""art_source/TASK-004/polyhaven/树木/冷杉树/textures/fir_tree_01_trunk_a_diff_4k.png"",""state"":""PRESENT"",""bytes"":65401320}],""pairing_state"":""IMPORTED_SOURCE_PATHS_RECORDED"",""licence_inference"":""NONE; import paths and file presence do not establish author/terms""}]},{""dependency"":""/Game/Hearthward/Assets/NaturalWorld/Rebuild/Textures/T_CampFir_TrunkA_N"",""registry_state"":""READ"",""import_data"":[{""state"":""READ"",""class_name"":""InterchangeAssetImportData"",""count"":1,""files"":[{""project_relative_source"":""art_source/TASK-004/polyhaven/树木/冷杉树/textures/fir_tree_01_trunk_a_nor_gl_4k.png"",""state"":""PRESENT"",""bytes"":61940498}],""pairing_state"":""IMPORTED_SOURCE_PATHS_RECORDED"",""licence_inference"":""NONE; import paths and file presence do not establish author/terms""}]},{""dependency"":""/Game/Hearthward/Assets/NaturalWorld/Rebuild/Textures/T_CampFir_TrunkA_R"",""registry_state"":""READ"",""import_data"":[{""state"":""READ"",""class_name"":""InterchangeAssetImportData"",""count"":1,""files"":[{""project_relative_source"":""art_source/TASK-004/polyhaven/树木/冷杉树/textures/fir_tree_01_trunk_a_rough_4k.png"",""state"":""PRESENT"",""bytes"":19137294}],""pairing_state"":""IMPORTED_SOURCE_PATHS_RECORDED"",""licence_inference"":""NONE; import paths and file presence do not establish author/terms""}]}]",DIRECT_DEPENDENCY_PROJECT_SOURCE_PRESENT,READ,3,READ,1,[],0,NOT_EVALUATED,docs/qa/TASK-094/registry-sources-20261007-01/asset-sources.json
ue:/Game/Hearthward/Assets/NaturalWorld/Rebuild/Materials/M_CampFir_TrunkC,/Game/Hearthward/Assets/NaturalWorld/Rebuild/Materials/M_CampFir_TrunkC,art_source/TASK-004/polyhaven/,SOURCE_FAMILY_CANDIDATE,CC0_SOURCE_RECORDED_PACKAGE_PAIRING_PENDING,EXACT_SOURCE_PAIR_AND_OWNER_VISUAL_PENDING,READ,"[""Material""]","[""NOT_APPLICABLE_TO_CLASS""]",[],NOT_APPLICABLE_TO_CLASS,NOT_EVALUATED,"[{""dependency"":""/Game/Hearthward/Assets/NaturalWorld/Rebuild/Textures/T_CampFir_TrunkC_D"",""registry_state"":""READ"",""import_data"":[{""state"":""READ"",""class_name"":""InterchangeAssetImportData"",""count"":1,""files"":[{""project_relative_source"":""art_source/TASK-004/polyhaven/树木/冷杉树/textures/fir_tree_01_trunk_c_diff_4k.png"",""state"":""PRESENT"",""bytes"":67200895}],""pairing_state"":""IMPORTED_SOURCE_PATHS_RECORDED"",""licence_inference"":""NONE; import paths and file presence do not establish author/terms""}]},{""dependency"":""/Game/Hearthward/Assets/NaturalWorld/Rebuild/Textures/T_CampFir_TrunkC_N"",""registry_state"":""READ"",""import_data"":[{""state"":""READ"",""class_name"":""InterchangeAssetImportData"",""count"":1,""files"":[{""project_relative_source"":""art_source/TASK-004/polyhaven/树木/冷杉树/textures/fir_tree_01_trunk_c_nor_gl_4k.png"",""state"":""PRESENT"",""bytes"":64155396}],""pairing_state"":""IMPORTED_SOURCE_PATHS_RECORDED"",""licence_inference"":""NONE; import paths and file presence do not establish author/terms""}]},{""dependency"":""/Game/Hearthward/Assets/NaturalWorld/Rebuild/Textures/T_CampFir_TrunkC_R"",""registry_state"":""READ"",""import_data"":[{""state"":""READ"",""class_name"":""InterchangeAssetImportData"",""count"":1,""files"":[{""project_relative_source"":""art_source/TASK-004/polyhaven/树木/冷杉树/textures/fir_tree_01_trunk_c_rough_4k.png"",""state"":""PRESENT"",""bytes"":20479160}],""pairing_state"":""IMPORTED_SOURCE_PATHS_RECORDED"",""licence_inference"":""NONE; import paths and file presence do not establish author/terms""}]}]",DIRECT_DEPENDENCY_PROJECT_SOURCE_PRESENT,READ,3,READ,1,[],0,NOT_EVALUATED,docs/qa/TASK-094/registry-sources-20261007-01/asset-sources.json
ue:/Game/Hearthward/Assets/NaturalWorld/Rebuild/Materials/M_CampFir_Twig,/Game/Hearthward/Assets/NaturalWorld/Rebuild/Materials/M_CampFir_Twig,art_source/TASK-004/polyhaven/,SOURCE_FAMILY_CANDIDATE,CC0_SOURCE_RECORDED_PACKAGE_PAIRING_PENDING,EXACT_SOURCE_PAIR_AND_OWNER_VISUAL_PENDING,READ,"[""Material""]","[""NOT_APPLICABLE_TO_CLASS""]",[],NOT_APPLICABLE_TO_CLASS,NOT_EVALUATED,"[{""dependency"":""/Game/Hearthward/Assets/NaturalWorld/Rebuild/Textures/T_CampFir_Twig_A"",""registry_state"":""READ"",""import_data"":[{""state"":""READ"",""class_name"":""InterchangeAssetImportData"",""count"":1,""files"":[{""project_relative_source"":""art_source/TASK-004/polyhaven/树木/冷杉树/textures/fir_tree_01_twig_alpha_4k.png"",""state"":""PRESENT"",""bytes"":2582047}],""pairing_state"":""IMPORTED_SOURCE_PATHS_RECORDED"",""licence_inference"":""NONE; import paths and file presence do not establish author/terms""}]},{""dependency"":""/Game/Hearthward/Assets/NaturalWorld/Rebuild/Textures/T_CampFir_Twig_D"",""registry_state"":""READ"",""import_data"":[{""state"":""READ"",""class_name"":""InterchangeAssetImportData"",""count"":1,""files"":[{""project_relative_source"":""art_source/TASK-004/polyhaven/树木/冷杉树/textures/fir_tree_01_twig_diff_4k.png"",""state"":""PRESENT"",""bytes"":38134662}],""pairing_state"":""IMPORTED_SOURCE_PATHS_RECORDED"",""licence_inference"":""NONE; import paths and file presence do not establish author/terms""}]},{""dependency"":""/Game/Hearthward/Assets/NaturalWorld/Rebuild/Textures/T_CampFir_Twig_N"",""registry_state"":""READ"",""import_data"":[{""state"":""READ"",""class_name"":""InterchangeAssetImportData"",""count"":1,""files"":[{""project_relative_source"":""art_source/TASK-004/polyhaven/树木/冷杉树/textures/fir_tree_01_twig_nor_gl_4k.png"",""state"":""PRESENT"",""bytes"":15641830}],""pairing_state"":""IMPORTED_SOURCE_PATHS_RECORDED"",""licence_inference"":""NONE; import paths and file presence do not establish author/terms""}]},{""dependency"":""/Game/Hearthward/Assets/NaturalWorld/Rebuild/Textures/T_CampFir_Twig_R"",""registry_state"":""READ"",""import_data"":[{""state"":""READ"",""class_name"":""InterchangeAssetImportData"",""count"":1,""files"":[{""project_relative_source"":""art_source/TASK-004/polyhaven/树木/冷杉树/textures/fir_tree_01_twig_rough_4k.png"",""state"":""PRESENT"",""bytes"":11721999}],""pairing_state"":""IMPORTED_SOURCE_PATHS_RECORDED"",""licence_inference"":""NONE; import paths and file presence do not establish author/terms""}]}]",DIRECT_DEPENDENCY_PROJECT_SOURCE_PRESENT,READ,4,READ,2,[],0,NOT_EVALUATED,docs/qa/TASK-094/registry-sources-20261007-01/asset-sources.json
ue:/Game/Hearthward/Assets/NaturalWorld/Rebuild/Materials/M_CampPine_Bark,/Game/Hearthward/Assets/NaturalWorld/Rebuild/Materials/M_CampPine_Bark,art_source/TASK-004/polyhaven/,SOURCE_FAMILY_CANDIDATE,CC0_SOURCE_RECORDED_PACKAGE_PAIRING_PENDING,EXACT_SOURCE_PAIR_AND_OWNER_VISUAL_PENDING,READ,"[""Material""]","[""NOT_APPLICABLE_TO_CLASS""]",[],NOT_APPLICABLE_TO_CLASS,NOT_EVALUATED,"[{""dependency"":""/Game/Hearthward/Assets/NaturalWorld/Rebuild/Textures/T_CampPine_Bark_D"",""registry_state"":""READ"",""import_data"":[{""state"":""READ"",""class_name"":""InterchangeAssetImportData"",""count"":1,""files"":[{""project_relative_source"":""art_source/TASK-004/polyhaven/树木/松树/textures/pine_tree_01_bark_diff_4k.png"",""state"":""PRESENT"",""bytes"":83504453}],""pairing_state"":""IMPORTED_SOURCE_PATHS_RECORDED"",""licence_inference"":""NONE; import paths and file presence do not establish author/terms""}]},{""dependency"":""/Game/Hearthward/Assets/NaturalWorld/Rebuild/Textures/T_CampPine_Bark_N"",""registry_state"":""READ"",""import_data"":[{""state"":""READ"",""class_name"":""InterchangeAssetImportData"",""count"":1,""files"":[{""project_relative_source"":""art_source/TASK-004/polyhaven/树木/松树/textures/pine_tree_01_bark_nor_gl_4k.png"",""state"":""PRESENT"",""bytes"":82730338}],""pairing_state"":""IMPORTED_SOURCE_PATHS_RECORDED"",""licence_inference"":""NONE; import paths and file presence do not establish author/terms""}]},{""dependency"":""/Game/Hearthward/Assets/NaturalWorld/Rebuild/Textures/T_CampPine_Bark_R"",""registry_state"":""READ"",""import_data"":[{""state"":""READ"",""class_name"":""InterchangeAssetImportData"",""count"":1,""files"":[{""project_relative_source"":""art_source/TASK-004/polyhaven/树木/松树/textures/pine_tree_01_bark_rough_4k.png"",""state"":""PRESENT"",""bytes"":37868908}],""pairing_state"":""IMPORTED_SOURCE_PATHS_RECORDED"",""licence_inference"":""NONE; import paths and file presence do not establish author/terms""}]}]",DIRECT_DEPENDENCY_PROJECT_SOURCE_PRESENT,READ,3,READ,2,[],0,NOT_EVALUATED,docs/qa/TASK-094/registry-sources-20261007-01/asset-sources.json
ue:/Game/Hearthward/Assets/NaturalWorld/Rebuild/Materials/M_CampPine_TrunkA,/Game/Hearthward/Assets/NaturalWorld/Rebuild/Materials/M_CampPine_TrunkA,art_source/TASK-004/polyhaven/,SOURCE_FAMILY_CANDIDATE,CC0_SOURCE_RECORDED_PACKAGE_PAIRING_PENDING,EXACT_SOURCE_PAIR_AND_OWNER_VISUAL_PENDING,READ,"[""Material""]","[""NOT_APPLICABLE_TO_CLASS""]",[],NOT_APPLICABLE_TO_CLASS,NOT_EVALUATED,"[{""dependency"":""/Game/Hearthward/Assets/NaturalWorld/Rebuild/Textures/T_CampPine_TrunkA_D"",""registry_state"":""READ"",""import_data"":[{""state"":""READ"",""class_name"":""InterchangeAssetImportData"",""count"":1,""files"":[{""project_relative_source"":""art_source/TASK-004/polyhaven/树木/松树/textures/pine_tree_01_trunk_a_diff_4k.png"",""state"":""PRESENT"",""bytes"":65401320}],""pairing_state"":""IMPORTED_SOURCE_PATHS_RECORDED"",""licence_inference"":""NONE; import paths and file presence do not establish author/terms""}]},{""dependency"":""/Game/Hearthward/Assets/NaturalWorld/Rebuild/Textures/T_CampPine_TrunkA_N"",""registry_state"":""READ"",""import_data"":[{""state"":""READ"",""class_name"":""InterchangeAssetImportData"",""count"":1,""files"":[{""project_relative_source"":""art_source/TASK-004/polyhaven/树木/松树/textures/pine_tree_01_trunk_a_nor_gl_4k.png"",""state"":""PRESENT"",""bytes"":61940498}],""pairing_state"":""IMPORTED_SOURCE_PATHS_RECORDED"",""licence_inference"":""NONE; import paths and file presence do not establish author/terms""}]},{""dependency"":""/Game/Hearthward/Assets/NaturalWorld/Rebuild/Textures/T_CampPine_TrunkA_R"",""registry_state"":""READ"",""import_data"":[{""state"":""READ"",""class_name"":""InterchangeAssetImportData"",""count"":1,""files"":[{""project_relative_source"":""art_source/TASK-004/polyhaven/树木/松树/textures/pine_tree_01_trunk_a_rough_4k.png"",""state"":""PRESENT"",""bytes"":19137294}],""pairing_state"":""IMPORTED_SOURCE_PATHS_RECORDED"",""licence_inference"":""NONE; import paths and file presence do not establish author/terms""}]}]",DIRECT_DEPENDENCY_PROJECT_SOURCE_PRESENT,READ,3,READ,1,[],0,NOT_EVALUATED,docs/qa/TASK-094/registry-sources-20261007-01/asset-sources.json
ue:/Game/Hearthward/Assets/NaturalWorld/Rebuild/Materials/M_CampPine_TrunkC,/Game/Hearthward/Assets/NaturalWorld/Rebuild/Materials/M_CampPine_TrunkC,art_source/TASK-004/polyhaven/,SOURCE_FAMILY_CANDIDATE,CC0_SOURCE_RECORDED_PACKAGE_PAIRING_PENDING,EXACT_SOURCE_PAIR_AND_OWNER_VISUAL_PENDING,READ,"[""Material""]","[""NOT_APPLICABLE_TO_CLASS""]",[],NOT_APPLICABLE_TO_CLASS,NOT_EVALUATED,"[{""dependency"":""/Game/Hearthward/Assets/NaturalWorld/Rebuild/Textures/T_CampPine_TrunkC_D"",""registry_state"":""READ"",""import_data"":[{""state"":""READ"",""class_name"":""InterchangeAssetImportData"",""count"":1,""files"":[{""project_relative_source"":""art_source/TASK-004/polyhaven/树木/松树/textures/pine_tree_01_trunk_c_diff_4k.png"",""state"":""PRESENT"",""bytes"":67200895}],""pairing_state"":""IMPORTED_SOURCE_PATHS_RECORDED"",""licence_inference"":""NONE; import paths and file presence do not establish author/terms""}]},{""dependency"":""/Game/Hearthward/Assets/NaturalWorld/Rebuild/Textures/T_CampPine_TrunkC_N"",""registry_state"":""READ"",""import_data"":[{""state"":""READ"",""class_name"":""InterchangeAssetImportData"",""count"":1,""files"":[{""project_relative_source"":""art_source/TASK-004/polyhaven/树木/松树/textures/pine_tree_01_trunk_c_nor_gl_4k.png"",""state"":""PRESENT"",""bytes"":64155396}],""pairing_state"":""IMPORTED_SOURCE_PATHS_RECORDED"",""licence_inference"":""NONE; import paths and file presence do not establish author/terms""}]},{""dependency"":""/Game/Hearthward/Assets/NaturalWorld/Rebuild/Textures/T_CampPine_TrunkC_R"",""registry_state"":""READ"",""import_data"":[{""state"":""READ"",""class_name"":""InterchangeAssetImportData"",""count"":1,""files"":[{""project_relative_source"":""art_source/TASK-004/polyhaven/树木/松树/textures/pine_tree_01_trunk_c_rough_4k.png"",""state"":""PRESENT"",""bytes"":20479160}],""pairing_state"":""IMPORTED_SOURCE_PATHS_RECORDED"",""licence_inference"":""NONE; import paths and file presence do not establish author/terms""}]}]",DIRECT_DEPENDENCY_PROJECT_SOURCE_PRESENT,READ,3,READ,1,[],0,NOT_EVALUATED,docs/qa/TASK-094/registry-sources-20261007-01/asset-sources.json
ue:/Game/Hearthward/Assets/NaturalWorld/Rebuild/Materials/M_CampPine_Twig,/Game/Hearthward/Assets/NaturalWorld/Rebuild/Materials/M_CampPine_Twig,art_source/TASK-004/polyhaven/,SOURCE_FAMILY_CANDIDATE,CC0_SOURCE_RECORDED_PACKAGE_PAIRING_PENDING,EXACT_SOURCE_PAIR_AND_OWNER_VISUAL_PENDING,READ,"[""Material""]","[""NOT_APPLICABLE_TO_CLASS""]",[],NOT_APPLICABLE_TO_CLASS,NOT_EVALUATED,"[{""dependency"":""/Game/Hearthward/Assets/NaturalWorld/Rebuild/Textures/T_CampPine_Twig_A"",""registry_state"":""READ"",""import_data"":[{""state"":""READ"",""class_name"":""InterchangeAssetImportData"",""count"":1,""files"":[{""project_relative_source"":""art_source/TASK-004/polyhaven/树木/松树/textures/pine_tree_01_twig_alpha_4k.png"",""state"":""PRESENT"",""bytes"":1915879}],""pairing_state"":""IMPORTED_SOURCE_PATHS_RECORDED"",""licence_inference"":""NONE; import paths and file presence do not establish author/terms""}]},{""dependency"":""/Game/Hearthward/Assets/NaturalWorld/Rebuild/Textures/T_CampPine_Twig_D"",""registry_state"":""READ"",""import_data"":[{""state"":""READ"",""class_name"":""InterchangeAssetImportData"",""count"":1,""files"":[{""project_relative_source"":""art_source/TASK-004/polyhaven/树木/松树/textures/pine_tree_01_twig_diff_4k.png"",""state"":""PRESENT"",""bytes"":33215263}],""pairing_state"":""IMPORTED_SOURCE_PATHS_RECORDED"",""licence_inference"":""NONE; import paths and file presence do not establish author/terms""}]},{""dependency"":""/Game/Hearthward/Assets/NaturalWorld/Rebuild/Textures/T_CampPine_Twig_N"",""registry_state"":""READ"",""import_data"":[{""state"":""READ"",""class_name"":""InterchangeAssetImportData"",""count"":1,""files"":[{""project_relative_source"":""art_source/TASK-004/polyhaven/树木/松树/textures/pine_tree_01_twig_nor_gl_4k.png"",""state"":""PRESENT"",""bytes"":28316682}],""pairing_state"":""IMPORTED_SOURCE_PATHS_RECORDED"",""licence_inference"":""NONE; import paths and file presence do not establish author/terms""}]},{""dependency"":""/Game/Hearthward/Assets/NaturalWorld/Rebuild/Textures/T_CampPine_Twig_R"",""registry_state"":""READ"",""import_data"":[{""state"":""READ"",""class_name"":""InterchangeAssetImportData"",""count"":1,""files"":[{""project_relative_source"":""art_source/TASK-004/polyhaven/树木/松树/textures/pine_tree_01_twig_rough_4k.png"",""state"":""PRESENT"",""bytes"":11821380}],""pairing_state"":""IMPORTED_SOURCE_PATHS_RECORDED"",""licence_inference"":""NONE; import paths and file presence do not establish author/terms""}]}]",DIRECT_DEPENDENCY_PROJECT_SOURCE_PRESENT,READ,4,READ,2,[],0,NOT_EVALUATED,docs/qa/TASK-094/registry-sources-20261007-01/asset-sources.json
ue:/Game/Hearthward/Assets/NaturalWorld/Rebuild/Materials/M_GrassCards,/Game/Hearthward/Assets/NaturalWorld/Rebuild/Materials/M_GrassCards,art_source/TASK-026/Rebuild/,SOURCE_FAMILY_CANDIDATE,UNKNOWN,SOURCE_OR_LICENCE_UNKNOWN,READ,"[""Material""]","[""NOT_APPLICABLE_TO_CLASS""]",[],NOT_APPLICABLE_TO_CLASS,NOT_EVALUATED,"[{""dependency"":""/Game/Hearthward/Assets/NaturalWorld/Rebuild/Textures/T_GrassCard_A"",""registry_state"":""READ"",""import_data"":[{""state"":""READ"",""class_name"":""InterchangeAssetImportData"",""count"":1,""files"":[{""project_relative_source"":""art_source/TASK-004/polyhaven/草/草2/textures/grass_medium_01_alpha_4k.png"",""state"":""PRESENT"",""bytes"":3285653}],""pairing_state"":""IMPORTED_SOURCE_PATHS_RECORDED"",""licence_inference"":""NONE; import paths and file presence do not establish author/terms""}]},{""dependency"":""/Game/Hearthward/Assets/NaturalWorld/Rebuild/Textures/T_GrassCard_D"",""registry_state"":""READ"",""import_data"":[{""state"":""READ"",""class_name"":""InterchangeAssetImportData"",""count"":1,""files"":[{""project_relative_source"":""art_source/TASK-004/polyhaven/草/草2/textures/grass_medium_01_diff_4k.jpg"",""state"":""PRESENT"",""bytes"":3505106}],""pairing_state"":""IMPORTED_SOURCE_PATHS_RECORDED"",""licence_inference"":""NONE; import paths and file presence do not establish author/terms""}]}]",DIRECT_DEPENDENCY_PROJECT_SOURCE_PRESENT,READ,2,READ,1,[],0,NOT_EVALUATED,docs/qa/TASK-094/registry-sources-20261007-01/asset-sources.json
ue:/Game/Hearthward/Assets/NaturalWorld/Rebuild/Materials/M_HeightImport,/Game/Hearthward/Assets/NaturalWorld/Rebuild/Materials/M_HeightImport,art_source/TASK-026/Rebuild/,SOURCE_FAMILY_CANDIDATE,UNKNOWN,SOURCE_OR_LICENCE_UNKNOWN,READ,"[""Material""]","[""NOT_APPLICABLE_TO_CLASS""]",[],NOT_APPLICABLE_TO_CLASS,NOT_EVALUATED,"[{""dependency"":""/Game/Hearthward/Assets/NaturalWorld/Rebuild/Textures/T_HeightRG"",""registry_state"":""READ"",""import_data"":[{""state"":""READ"",""class_name"":""InterchangeAssetImportData"",""count"":1,""files"":[{""project_relative_source"":""art_source/TASK-026/Rebuild/height_rg.png"",""state"":""PRESENT"",""bytes"":3432455}],""pairing_state"":""IMPORTED_SOURCE_PATHS_RECORDED"",""licence_inference"":""NONE; import paths and file presence do not establish author/terms""}]}]",DIRECT_DEPENDENCY_PROJECT_SOURCE_PRESENT,READ,1,READ,0,[],0,NOT_EVALUATED,docs/qa/TASK-094/registry-sources-20261007-01/asset-sources.json
ue:/Game/Hearthward/Assets/NaturalWorld/Rebuild/Materials/M_Landscape,/Game/Hearthward/Assets/NaturalWorld/Rebuild/Materials/M_Landscape,art_source/TASK-026/Rebuild/,SOURCE_FAMILY_CANDIDATE,UNKNOWN,SOURCE_OR_LICENCE_UNKNOWN,READ,"[""Material""]","[""NOT_APPLICABLE_TO_CLASS""]",[],NOT_APPLICABLE_TO_CLASS,NOT_EVALUATED,"[{""dependency"":""/Game/Hearthward/Assets/NaturalWorld/Rebuild/Foliage/GT_Meadow"",""registry_state"":""READ"",""import_data"":[{""state"":""NOT_APPLICABLE_TO_CLASS"",""class_name"":""LandscapeGrassType"",""count"":null,""files"":null,""pairing_state"":""UNKNOWN""}]},{""dependency"":""/Game/Hearthward/Assets/NaturalWorld/Rebuild/Foliage/GT_S1_Meadow"",""registry_state"":""READ"",""import_data"":[{""state"":""NOT_APPLICABLE_TO_CLASS"",""class_name"":""LandscapeGrassType"",""count"":null,""files"":null,""pairing_state"":""UNKNOWN""}]},{""dependency"":""/Game/Hearthward/Assets/NaturalWorld/Rebuild/Textures/T_Biomes"",""registry_state"":""READ"",""import_data"":[{""state"":""READ"",""class_name"":""InterchangeAssetImportData"",""count"":1,""files"":[{""project_relative_source"":""art_source/TASK-026/Rebuild/biome_weights.png"",""state"":""PRESENT"",""bytes"":1475759}],""pairing_state"":""IMPORTED_SOURCE_PATHS_RECORDED"",""licence_inference"":""NONE; import paths and file presence do not establish author/terms""}]},{""dependency"":""/Game/Hearthward/Assets/NaturalWorld/Rebuild/Textures/T_Cliff_D"",""registry_state"":""READ"",""import_data"":[{""state"":""READ"",""class_name"":""InterchangeAssetImportData"",""count"":1,""files"":[{""project_relative_source"":""art_source/TASK-026/Rebuild/polyhaven/rock_3/rock_3_diff_2k.jpg"",""state"":""PRESENT"",""bytes"":3274198}],""pairing_state"":""IMPORTED_SOURCE_PATHS_RECORDED"",""licence_inference"":""NONE; import paths and file presence do not establish author/terms""}]},{""dependency"":""/Game/Hearthward/Assets/NaturalWorld/Rebuild/Textures/T_GrassDensity"",""registry_state"":""READ"",""import_data"":[{""state"":""READ"",""class_name"":""InterchangeAssetImportData"",""count"":1,""files"":[{""project_relative_source"":""art_source/TASK-026/Rebuild/grass_density.png"",""state"":""PRESENT"",""bytes"":1039117}],""pairing_state"":""IMPORTED_SOURCE_PATHS_RECORDED"",""licence_inference"":""NONE; import paths and file presence do not establish author/terms""}]},{""dependency"":""/Game/Hearthward/Assets/NaturalWorld/Rebuild/Textures/T_Grass_D"",""registry_state"":""READ"",""import_data"":[{""state"":""READ"",""class_name"":""InterchangeAssetImportData"",""count"":1,""files"":[{""project_relative_source"":""art_source/TASK-004/polyhaven/地表/草地/textures/grass_ground_diff_4k.jpg"",""state"":""PRESENT"",""bytes"":15545899}],""pairing_state"":""IMPORTED_SOURCE_PATHS_RECORDED"",""licence_inference"":""NONE; import paths and file presence do not establish author/terms""}]},{""dependency"":""/Game/Hearthward/Assets/NaturalWorld/Rebuild/Textures/T_Grass_N"",""registry_state"":""READ"",""import_data"":[{""state"":""READ"",""class_name"":""InterchangeAssetImportData"",""count"":1,""files"":[{""project_relative_source"":""art_source/TASK-004/polyhaven/地表/草地/textures/grass_ground_nor_gl_4k.exr"",""state"":""PRESENT"",""bytes"":44622623}],""pairing_state"":""IMPORTED_SOURCE_PATHS_RECORDED"",""licence_inference"":""NONE; import paths and file presence do not establish author/terms""}]},{""dependency"":""/Game/Hearthward/Assets/NaturalWorld/Rebuild/Textures/T_S1_Blend"",""registry_state"":""READ"",""import_data"":[{""state"":""READ"",""class_name"":""InterchangeAssetImportData"",""count"":1,""files"":[{""project_relative_source"":""art_source/TASK-026/Rebuild/ReworkV2/S1_Blend.png"",""state"":""PRESENT"",""bytes"":4651}],""pairing_state"":""IMPORTED_SOURCE_PATHS_RECORDED"",""licence_inference"":""NONE; import paths and file presence do not establish author/terms""}]},{""dependency"":""/Game/Hearthward/Assets/NaturalWorld/Rebuild/Textures/T_S1_GrassDensity"",""registry_state"":""READ"",""import_data"":[{""state"":""READ"",""class_name"":""InterchangeAssetImportData"",""count"":1,""files"":[{""project_relative_source"":""art_source/TASK-026/Rebuild/ReworkV2/S1_GrassDensity_Detail.png"",""state"":""PRESENT"",""bytes"":37214}],""pairing_state"":""IMPORTED_SOURCE_PATHS_RECORDED"",""licence_inference"":""NONE; import paths and file presence do not establish author/terms""}]},{""dependency"":""/Game/Hearthward/Assets/NaturalWorld/Rebuild/Textures/T_S1_Surface"",""registry_state"":""READ"",""import_data"":[{""state"":""READ"",""class_name"":""InterchangeAssetImportData"",""count"":1,""files"":[{""project_relative_source"":""art_source/TASK-026/Rebuild/ReworkV2/S1_Surface_Detail.png"",""state"":""PRESENT"",""bytes"":132267}],""pairing_state"":""IMPORTED_SOURCE_PATHS_RECORDED"",""licence_inference"":""NONE; import paths and file presence do not establish author/terms""}]},{""dependency"":""/Game/Hearthward/Assets/NaturalWorld/Rebuild/Textures/T_Soil_D"",""registry_state"":""READ"",""import_data"":[{""state"":""READ"",""class_name"":""InterchangeAssetImportData"",""count"":1,""files"":[{""project_relative_source"":""art_source/TASK-004/polyhaven/地表/土/textures/dirt_diff_4k.jpg"",""state"":""PRESENT"",""bytes"":12098794}],""pairing_state"":""IMPORTED_SOURCE_PATHS_RECORDED"",""licence_inference"":""NONE; import paths and file presence do not establish author/terms""}]},{""dependency"":""/Game/Hearthward/Assets/NaturalWorld/Rebuild/Textures/T_Soil_N"",""registry_state"":""READ"",""import_data"":[{""state"":""READ"",""class_name"":""InterchangeAssetImportData"",""count"":1,""files"":[{""project_relative_source"":""art_source/TASK-004/polyhaven/地表/土/textures/dirt_nor_gl_4k.exr"",""state"":""PRESENT"",""bytes"":36004901}],""pairing_state"":""IMPORTED_SOURCE_PATHS_RECORDED"",""licence_inference"":""NONE; import paths and file presence do not establish author/terms""}]}]",DIRECT_DEPENDENCY_PROJECT_SOURCE_PRESENT,READ,13,READ,65,[],65,NOT_EVALUATED,docs/qa/TASK-094/registry-sources-20261007-01/asset-sources.json
ue:/Game/Hearthward/Assets/NaturalWorld/Rebuild/Materials/M_RiverFoam,/Game/Hearthward/Assets/NaturalWorld/Rebuild/Materials/M_RiverFoam,art_source/TASK-026/Rebuild/,SOURCE_FAMILY_CANDIDATE,UNKNOWN,SOURCE_OR_LICENCE_UNKNOWN,READ,"[""Material""]","[""NOT_APPLICABLE_TO_CLASS""]",[],NOT_APPLICABLE_TO_CLASS,NOT_EVALUATED,"[{""dependency"":""/Game/Hearthward/Assets/NaturalWorld/Rebuild/Textures/T_Water_N"",""registry_state"":""READ"",""import_data"":[{""state"":""READ"",""class_name"":""InterchangeAssetImportData"",""count"":1,""files"":[{""project_relative_source"":""art_source/TASK-026/Rebuild/water_normal.png"",""state"":""PRESENT"",""bytes"":209552}],""pairing_state"":""IMPORTED_SOURCE_PATHS_RECORDED"",""licence_inference"":""NONE; import paths and file presence do not establish author/terms""}]}]",DIRECT_DEPENDENCY_PROJECT_SOURCE_PRESENT,READ,1,READ,1,[],0,NOT_EVALUATED,docs/qa/TASK-094/registry-sources-20261007-01/asset-sources.json
ue:/Game/Hearthward/Assets/NaturalWorld/Rebuild/Materials/M_RiverWater,/Game/Hearthward/Assets/NaturalWorld/Rebuild/Materials/M_RiverWater,art_source/TASK-026/Rebuild/,SOURCE_FAMILY_CANDIDATE,UNKNOWN,SOURCE_OR_LICENCE_UNKNOWN,READ,"[""Material""]","[""NOT_APPLICABLE_TO_CLASS""]",[],NOT_APPLICABLE_TO_CLASS,NOT_EVALUATED,"[{""dependency"":""/Game/Hearthward/Assets/NaturalWorld/Rebuild/Textures/T_S1_Blend"",""registry_state"":""READ"",""import_data"":[{""state"":""READ"",""class_name"":""InterchangeAssetImportData"",""count"":1,""files"":[{""project_relative_source"":""art_source/TASK-026/Rebuild/ReworkV2/S1_Blend.png"",""state"":""PRESENT"",""bytes"":4651}],""pairing_state"":""IMPORTED_SOURCE_PATHS_RECORDED"",""licence_inference"":""NONE; import paths and file presence do not establish author/terms""}]},{""dependency"":""/Game/Hearthward/Assets/NaturalWorld/Rebuild/Textures/T_Water_N"",""registry_state"":""READ"",""import_data"":[{""state"":""READ"",""class_name"":""InterchangeAssetImportData"",""count"":1,""files"":[{""project_relative_source"":""art_source/TASK-026/Rebuild/water_normal.png"",""state"":""PRESENT"",""bytes"":209552}],""pairing_state"":""IMPORTED_SOURCE_PATHS_RECORDED"",""licence_inference"":""NONE; import paths and file presence do not establish author/terms""}]}]",DIRECT_DEPENDENCY_PROJECT_SOURCE_PRESENT,READ,2,READ,18,[],0,NOT_EVALUATED,docs/qa/TASK-094/registry-sources-20261007-01/asset-sources.json
ue:/Game/Hearthward/Assets/NaturalWorld/Rebuild/Materials/M_RockScan,/Game/Hearthward/Assets/NaturalWorld/Rebuild/Materials/M_RockScan,art_source/TASK-004/sketchfab/岩石/中岩石/textures/d_m.jpg,SOURCE_FAMILY_CANDIDATE,UNKNOWN_ORIGINAL_AUTHOR_URL_PER_ASSET_TERMS,SKETCHFAB_PROVENANCE_UNKNOWN,READ,"[""Material""]","[""NOT_APPLICABLE_TO_CLASS""]",[],NOT_APPLICABLE_TO_CLASS,NOT_EVALUATED,"[{""dependency"":""/Game/Hearthward/Assets/NaturalWorld/Rebuild/Textures/T_RockScan_D"",""registry_state"":""READ"",""import_data"":[{""state"":""READ"",""class_name"":""InterchangeAssetImportData"",""count"":1,""files"":[{""project_relative_source"":""art_source/TASK-004/sketchfab/岩石/中岩石/textures/d_m.jpg"",""state"":""PRESENT"",""bytes"":631852}],""pairing_state"":""IMPORTED_SOURCE_PATHS_RECORDED"",""licence_inference"":""NONE; import paths and file presence do not establish author/terms""}]}]",DIRECT_DEPENDENCY_PROJECT_SOURCE_PRESENT,READ,1,READ,1,[],0,NOT_EVALUATED,docs/qa/TASK-094/registry-sources-20261007-01/asset-sources.json
ue:/Game/Hearthward/Assets/NaturalWorld/Rebuild/Materials/M_S1_GrassCards,/Game/Hearthward/Assets/NaturalWorld/Rebuild/Materials/M_S1_GrassCards,art_source/TASK-026/Rebuild/,SOURCE_FAMILY_CANDIDATE,UNKNOWN,SOURCE_OR_LICENCE_UNKNOWN,READ,"[""Material""]","[""NOT_APPLICABLE_TO_CLASS""]",[],NOT_APPLICABLE_TO_CLASS,NOT_EVALUATED,"[{""dependency"":""/Game/Hearthward/Assets/NaturalWorld/Rebuild/Textures/T_GrassCard_A"",""registry_state"":""READ"",""import_data"":[{""state"":""READ"",""class_name"":""InterchangeAssetImportData"",""count"":1,""files"":[{""project_relative_source"":""art_source/TASK-004/polyhaven/草/草2/textures/grass_medium_01_alpha_4k.png"",""state"":""PRESENT"",""bytes"":3285653}],""pairing_state"":""IMPORTED_SOURCE_PATHS_RECORDED"",""licence_inference"":""NONE; import paths and file presence do not establish author/terms""}]},{""dependency"":""/Game/Hearthward/Assets/NaturalWorld/Rebuild/Textures/T_GrassCard_D"",""registry_state"":""READ"",""import_data"":[{""state"":""READ"",""class_name"":""InterchangeAssetImportData"",""count"":1,""files"":[{""project_relative_source"":""art_source/TASK-004/polyhaven/草/草2/textures/grass_medium_01_diff_4k.jpg"",""state"":""PRESENT"",""bytes"":3505106}],""pairing_state"":""IMPORTED_SOURCE_PATHS_RECORDED"",""licence_inference"":""NONE; import paths and file presence do not establish author/terms""}]}]",DIRECT_DEPENDENCY_PROJECT_SOURCE_PRESENT,READ,2,READ,1,[],0,NOT_EVALUATED,docs/qa/TASK-094/registry-sources-20261007-01/asset-sources.json
ue:/Game/Hearthward/Assets/NaturalWorld/Rebuild/Materials/M_S1_Island_branches,/Game/Hearthward/Assets/NaturalWorld/Rebuild/Materials/M_S1_Island_branches,art_source/TASK-004/polyhaven/,SOURCE_FAMILY_CANDIDATE,CC0_SOURCE_RECORDED_PACKAGE_PAIRING_PENDING,EXACT_SOURCE_PAIR_AND_OWNER_VISUAL_PENDING,READ,"[""Material""]","[""NOT_APPLICABLE_TO_CLASS""]",[],NOT_APPLICABLE_TO_CLASS,NOT_EVALUATED,"[{""dependency"":""/Game/Hearthward/Assets/NaturalWorld/Rebuild/Textures/T_S1_Island_branches_D"",""registry_state"":""READ"",""import_data"":[{""state"":""READ"",""class_name"":""InterchangeAssetImportData"",""count"":1,""files"":[{""project_relative_source"":""art_source/TASK-004/polyhaven/树木/岛树/textures/island_tree_02_branches_diff_4k.png"",""state"":""PRESENT"",""bytes"":72975406}],""pairing_state"":""IMPORTED_SOURCE_PATHS_RECORDED"",""licence_inference"":""NONE; import paths and file presence do not establish author/terms""}]},{""dependency"":""/Game/Hearthward/Assets/NaturalWorld/Rebuild/Textures/T_S1_Island_branches_N"",""registry_state"":""READ"",""import_data"":[{""state"":""READ"",""class_name"":""InterchangeAssetImportData"",""count"":1,""files"":[{""project_relative_source"":""art_source/TASK-004/polyhaven/树木/岛树/textures/island_tree_02_branches_nor_gl_4k.png"",""state"":""PRESENT"",""bytes"":78433352}],""pairing_state"":""IMPORTED_SOURCE_PATHS_RECORDED"",""licence_inference"":""NONE; import paths and file presence do not establish author/terms""}]},{""dependency"":""/Game/Hearthward/Assets/NaturalWorld/Rebuild/Textures/T_S1_Island_branches_R"",""registry_state"":""READ"",""import_data"":[{""state"":""READ"",""class_name"":""InterchangeAssetImportData"",""count"":1,""files"":[{""project_relative_source"":""art_source/TASK-004/polyhaven/树木/岛树/textures/island_tree_02_branches_rough_4k.png"",""state"":""PRESENT"",""bytes"":8430664}],""pairing_state"":""IMPORTED_SOURCE_PATHS_RECORDED"",""licence_inference"":""NONE; import paths and file presence do not establish author/terms""}]}]",DIRECT_DEPENDENCY_PROJECT_SOURCE_PRESENT,READ,3,READ,1,[],0,NOT_EVALUATED,docs/qa/TASK-094/registry-sources-20261007-01/asset-sources.json
ue:/Game/Hearthward/Assets/NaturalWorld/Rebuild/Materials/M_S1_Island_leaves,/Game/Hearthward/Assets/NaturalWorld/Rebuild/Materials/M_S1_Island_leaves,art_source/TASK-004/polyhaven/,SOURCE_FAMILY_CANDIDATE,CC0_SOURCE_RECORDED_PACKAGE_PAIRING_PENDING,EXACT_SOURCE_PAIR_AND_OWNER_VISUAL_PENDING,READ,"[""Material""]","[""NOT_APPLICABLE_TO_CLASS""]",[],NOT_APPLICABLE_TO_CLASS,NOT_EVALUATED,"[{""dependency"":""/Game/Hearthward/Assets/NaturalWorld/Rebuild/Textures/T_S1_Island_leaves_A"",""registry_state"":""READ"",""import_data"":[{""state"":""READ"",""class_name"":""InterchangeAssetImportData"",""count"":1,""files"":[{""project_relative_source"":""art_source/TASK-004/polyhaven/树木/岛树/textures/island_tree_02_leaves_alpha_4k.png"",""state"":""PRESENT"",""bytes"":355395}],""pairing_state"":""IMPORTED_SOURCE_PATHS_RECORDED"",""licence_inference"":""NONE; import paths and file presence do not establish author/terms""}]},{""dependency"":""/Game/Hearthward/Assets/NaturalWorld/Rebuild/Textures/T_S1_Island_leaves_D"",""registry_state"":""READ"",""import_data"":[{""state"":""READ"",""class_name"":""InterchangeAssetImportData"",""count"":1,""files"":[{""project_relative_source"":""art_source/TASK-004/polyhaven/树木/岛树/textures/island_tree_02_leaves_diff_4k.png"",""state"":""PRESENT"",""bytes"":24594667}],""pairing_state"":""IMPORTED_SOURCE_PATHS_RECORDED"",""licence_inference"":""NONE; import paths and file presence do not establish author/terms""}]},{""dependency"":""/Game/Hearthward/Assets/NaturalWorld/Rebuild/Textures/T_S1_Island_leaves_N"",""registry_state"":""READ"",""import_data"":[{""state"":""READ"",""class_name"":""InterchangeAssetImportData"",""count"":1,""files"":[{""project_relative_source"":""art_source/TASK-004/polyhaven/树木/岛树/textures/island_tree_02_leaves_nor_gl_4k.png"",""state"":""PRESENT"",""bytes"":33862226}],""pairing_state"":""IMPORTED_SOURCE_PATHS_RECORDED"",""licence_inference"":""NONE; import paths and file presence do not establish author/terms""}]},{""dependency"":""/Game/Hearthward/Assets/NaturalWorld/Rebuild/Textures/T_S1_Island_leaves_R"",""registry_state"":""READ"",""import_data"":[{""state"":""READ"",""class_name"":""InterchangeAssetImportData"",""count"":1,""files"":[{""project_relative_source"":""art_source/TASK-004/polyhaven/树木/岛树/textures/island_tree_02_leaves_rough_4k.png"",""state"":""PRESENT"",""bytes"":8595028}],""pairing_state"":""IMPORTED_SOURCE_PATHS_RECORDED"",""licence_inference"":""NONE; import paths and file presence do not establish author/terms""}]}]",DIRECT_DEPENDENCY_PROJECT_SOURCE_PRESENT,READ,4,READ,1,[],0,NOT_EVALUATED,docs/qa/TASK-094/registry-sources-20261007-01/asset-sources.json
ue:/Game/Hearthward/Assets/NaturalWorld/Rebuild/Materials/M_S1_Island_trunk,/Game/Hearthward/Assets/NaturalWorld/Rebuild/Materials/M_S1_Island_trunk,art_source/TASK-004/polyhaven/,SOURCE_FAMILY_CANDIDATE,CC0_SOURCE_RECORDED_PACKAGE_PAIRING_PENDING,EXACT_SOURCE_PAIR_AND_OWNER_VISUAL_PENDING,READ,"[""Material""]","[""NOT_APPLICABLE_TO_CLASS""]",[],NOT_APPLICABLE_TO_CLASS,NOT_EVALUATED,"[{""dependency"":""/Game/Hearthward/Assets/NaturalWorld/Rebuild/Textures/T_S1_Island_trunk_D"",""registry_state"":""READ"",""import_data"":[{""state"":""READ"",""class_name"":""InterchangeAssetImportData"",""count"":1,""files"":[{""project_relative_source"":""art_source/TASK-004/polyhaven/树木/岛树/textures/island_tree_02_diff_4k.jpg"",""state"":""PRESENT"",""bytes"":8922944}],""pairing_state"":""IMPORTED_SOURCE_PATHS_RECORDED"",""licence_inference"":""NONE; import paths and file presence do not establish author/terms""}]},{""dependency"":""/Game/Hearthward/Assets/NaturalWorld/Rebuild/Textures/T_S1_Island_trunk_N"",""registry_state"":""READ"",""import_data"":[{""state"":""READ"",""class_name"":""InterchangeAssetImportData"",""count"":1,""files"":[{""project_relative_source"":""art_source/TASK-004/polyhaven/树木/岛树/textures/island_tree_02_nor_gl_4k.exr"",""state"":""PRESENT"",""bytes"":29697661}],""pairing_state"":""IMPORTED_SOURCE_PATHS_RECORDED"",""licence_inference"":""NONE; import paths and file presence do not establish author/terms""}]},{""dependency"":""/Game/Hearthward/Assets/NaturalWorld/Rebuild/Textures/T_S1_Island_trunk_R"",""registry_state"":""READ"",""import_data"":[{""state"":""READ"",""class_name"":""InterchangeAssetImportData"",""count"":1,""files"":[{""project_relative_source"":""art_source/TASK-004/polyhaven/树木/岛树/textures/island_tree_02_rough_4k.exr"",""state"":""PRESENT"",""bytes"":10135780}],""pairing_state"":""IMPORTED_SOURCE_PATHS_RECORDED"",""licence_inference"":""NONE; import paths and file presence do not establish author/terms""}]}]",DIRECT_DEPENDENCY_PROJECT_SOURCE_PRESENT,READ,3,READ,1,[],0,NOT_EVALUATED,docs/qa/TASK-094/registry-sources-20261007-01/asset-sources.json
ue:/Game/Hearthward/Assets/NaturalWorld/Rebuild/Materials/M_Shrub,/Game/Hearthward/Assets/NaturalWorld/Rebuild/Materials/M_Shrub,art_source/TASK-004/polyhaven/,SOURCE_FAMILY_CANDIDATE,CC0_SOURCE_RECORDED_PACKAGE_PAIRING_PENDING,EXACT_SOURCE_PAIR_AND_OWNER_VISUAL_PENDING,READ,"[""Material""]","[""NOT_APPLICABLE_TO_CLASS""]",[],NOT_APPLICABLE_TO_CLASS,NOT_EVALUATED,"[{""dependency"":""/Game/Hearthward/Assets/NaturalWorld/Rebuild/Textures/T_Shrub_Alpha"",""registry_state"":""READ"",""import_data"":[{""state"":""READ"",""class_name"":""InterchangeAssetImportData"",""count"":1,""files"":[{""project_relative_source"":""art_source/TASK-004/polyhaven/灌木/textures/shrub_01_alpha_4k.png"",""state"":""PRESENT"",""bytes"":606386}],""pairing_state"":""IMPORTED_SOURCE_PATHS_RECORDED"",""licence_inference"":""NONE; import paths and file presence do not establish author/terms""}]},{""dependency"":""/Game/Hearthward/Assets/NaturalWorld/Rebuild/Textures/T_Shrub_D"",""registry_state"":""READ"",""import_data"":[{""state"":""READ"",""class_name"":""InterchangeAssetImportData"",""count"":1,""files"":[{""project_relative_source"":""art_source/TASK-004/polyhaven/灌木/textures/shrub_01_diff_4k.jpg"",""state"":""PRESENT"",""bytes"":5311649}],""pairing_state"":""IMPORTED_SOURCE_PATHS_RECORDED"",""licence_inference"":""NONE; import paths and file presence do not establish author/terms""}]},{""dependency"":""/Game/Hearthward/Assets/NaturalWorld/Rebuild/Textures/T_Shrub_N"",""registry_state"":""READ"",""import_data"":[{""state"":""READ"",""class_name"":""InterchangeAssetImportData"",""count"":1,""files"":[{""project_relative_source"":""art_source/TASK-004/polyhaven/灌木/textures/shrub_01_nor_gl_4k.exr"",""state"":""PRESENT"",""bytes"":19330458}],""pairing_state"":""IMPORTED_SOURCE_PATHS_RECORDED"",""licence_inference"":""NONE; import paths and file presence do not establish author/terms""}]}]",DIRECT_DEPENDENCY_PROJECT_SOURCE_PRESENT,READ,3,READ,1,[],0,NOT_EVALUATED,docs/qa/TASK-094/registry-sources-20261007-01/asset-sources.json
ue:/Game/Hearthward/Assets/NaturalWorld/Rebuild/Materials/M_Stump,/Game/Hearthward/Assets/NaturalWorld/Rebuild/Materials/M_Stump,art_source/TASK-004/polyhaven/,SOURCE_FAMILY_CANDIDATE,CC0_SOURCE_RECORDED_PACKAGE_PAIRING_PENDING,EXACT_SOURCE_PAIR_AND_OWNER_VISUAL_PENDING,READ,"[""Material""]","[""NOT_APPLICABLE_TO_CLASS""]",[],NOT_APPLICABLE_TO_CLASS,NOT_EVALUATED,"[{""dependency"":""/Game/Hearthward/Assets/NaturalWorld/Rebuild/Textures/T_Stump_D"",""registry_state"":""READ"",""import_data"":[{""state"":""READ"",""class_name"":""InterchangeAssetImportData"",""count"":1,""files"":[{""project_relative_source"":""art_source/TASK-004/polyhaven/树桩/textures/tree_stump_01_diff_4k.jpg"",""state"":""PRESENT"",""bytes"":9987244}],""pairing_state"":""IMPORTED_SOURCE_PATHS_RECORDED"",""licence_inference"":""NONE; import paths and file presence do not establish author/terms""}]},{""dependency"":""/Game/Hearthward/Assets/NaturalWorld/Rebuild/Textures/T_Stump_N"",""registry_state"":""READ"",""import_data"":[{""state"":""READ"",""class_name"":""InterchangeAssetImportData"",""count"":1,""files"":[{""project_relative_source"":""art_source/TASK-004/polyhaven/树桩/textures/tree_stump_01_nor_gl_4k.exr"",""state"":""PRESENT"",""bytes"":30857604}],""pairing_state"":""IMPORTED_SOURCE_PATHS_RECORDED"",""licence_inference"":""NONE; import paths and file presence do not establish author/terms""}]}]",DIRECT_DEPENDENCY_PROJECT_SOURCE_PRESENT,READ,2,READ,1,[],0,NOT_EVALUATED,docs/qa/TASK-094/registry-sources-20261007-01/asset-sources.json
ue:/Game/Hearthward/Assets/NaturalWorld/Rebuild/Materials/M_Tree_branches,/Game/Hearthward/Assets/NaturalWorld/Rebuild/Materials/M_Tree_branches,art_source/TASK-004/polyhaven/,SOURCE_FAMILY_CANDIDATE,CC0_SOURCE_RECORDED_PACKAGE_PAIRING_PENDING,EXACT_SOURCE_PAIR_AND_OWNER_VISUAL_PENDING,READ,"[""Material""]","[""NOT_APPLICABLE_TO_CLASS""]",[],NOT_APPLICABLE_TO_CLASS,NOT_EVALUATED,"[{""dependency"":""/Game/Hearthward/Assets/NaturalWorld/Rebuild/Textures/T_Tree_branches_D"",""registry_state"":""READ"",""import_data"":[{""state"":""READ"",""class_name"":""InterchangeAssetImportData"",""count"":1,""files"":[{""project_relative_source"":""art_source/TASK-004/polyhaven/树木/蓝花楹树/textures/jacaranda_tree_branches_diff_4k.png"",""state"":""PRESENT"",""bytes"":63869458}],""pairing_state"":""IMPORTED_SOURCE_PATHS_RECORDED"",""licence_inference"":""NONE; import paths and file presence do not establish author/terms""}]},{""dependency"":""/Game/Hearthward/Assets/NaturalWorld/Rebuild/Textures/T_Tree_branches_N"",""registry_state"":""READ"",""import_data"":[{""state"":""READ"",""class_name"":""InterchangeAssetImportData"",""count"":1,""files"":[{""project_relative_source"":""art_source/TASK-004/polyhaven/树木/蓝花楹树/textures/jacaranda_tree_branches_nor_gl_4k.png"",""state"":""PRESENT"",""bytes"":78433352}],""pairing_state"":""IMPORTED_SOURCE_PATHS_RECORDED"",""licence_inference"":""NONE; import paths and file presence do not establish author/terms""}]}]",DIRECT_DEPENDENCY_PROJECT_SOURCE_PRESENT,READ,2,READ,1,[],0,NOT_EVALUATED,docs/qa/TASK-094/registry-sources-20261007-01/asset-sources.json
ue:/Game/Hearthward/Assets/NaturalWorld/Rebuild/Materials/M_Tree_leaves,/Game/Hearthward/Assets/NaturalWorld/Rebuild/Materials/M_Tree_leaves,art_source/TASK-004/polyhaven/,SOURCE_FAMILY_CANDIDATE,CC0_SOURCE_RECORDED_PACKAGE_PAIRING_PENDING,EXACT_SOURCE_PAIR_AND_OWNER_VISUAL_PENDING,READ,"[""Material""]","[""NOT_APPLICABLE_TO_CLASS""]",[],NOT_APPLICABLE_TO_CLASS,NOT_EVALUATED,"[{""dependency"":""/Game/Hearthward/Assets/NaturalWorld/Rebuild/Textures/T_Tree_leaves_Alpha"",""registry_state"":""READ"",""import_data"":[{""state"":""READ"",""class_name"":""InterchangeAssetImportData"",""count"":1,""files"":[{""project_relative_source"":""art_source/TASK-004/polyhaven/树木/蓝花楹树/textures/jacaranda_tree_leaves_alpha_4k.png"",""state"":""PRESENT"",""bytes"":3540700}],""pairing_state"":""IMPORTED_SOURCE_PATHS_RECORDED"",""licence_inference"":""NONE; import paths and file presence do not establish author/terms""}]},{""dependency"":""/Game/Hearthward/Assets/NaturalWorld/Rebuild/Textures/T_Tree_leaves_D"",""registry_state"":""READ"",""import_data"":[{""state"":""READ"",""class_name"":""InterchangeAssetImportData"",""count"":1,""files"":[{""project_relative_source"":""art_source/TASK-004/polyhaven/树木/蓝花楹树/textures/jacaranda_tree_leaves_diff_4k.png"",""state"":""PRESENT"",""bytes"":28325601}],""pairing_state"":""IMPORTED_SOURCE_PATHS_RECORDED"",""licence_inference"":""NONE; import paths and file presence do not establish author/terms""}]},{""dependency"":""/Game/Hearthward/Assets/NaturalWorld/Rebuild/Textures/T_Tree_leaves_N"",""registry_state"":""READ"",""import_data"":[{""state"":""READ"",""class_name"":""InterchangeAssetImportData"",""count"":1,""files"":[{""project_relative_source"":""art_source/TASK-004/polyhaven/树木/蓝花楹树/textures/jacaranda_tree_leaves_nor_gl_4k.png"",""state"":""PRESENT"",""bytes"":50567119}],""pairing_state"":""IMPORTED_SOURCE_PATHS_RECORDED"",""licence_inference"":""NONE; import paths and file presence do not establish author/terms""}]}]",DIRECT_DEPENDENCY_PROJECT_SOURCE_PRESENT,READ,3,READ,1,[],0,NOT_EVALUATED,docs/qa/TASK-094/registry-sources-20261007-01/asset-sources.json
ue:/Game/Hearthward/Assets/NaturalWorld/Rebuild/Materials/M_Tree_trunk,/Game/Hearthward/Assets/NaturalWorld/Rebuild/Materials/M_Tree_trunk,art_source/TASK-004/polyhaven/,SOURCE_FAMILY_CANDIDATE,CC0_SOURCE_RECORDED_PACKAGE_PAIRING_PENDING,EXACT_SOURCE_PAIR_AND_OWNER_VISUAL_PENDING,READ,"[""Material""]","[""NOT_APPLICABLE_TO_CLASS""]",[],NOT_APPLICABLE_TO_CLASS,NOT_EVALUATED,"[{""dependency"":""/Game/Hearthward/Assets/NaturalWorld/Rebuild/Textures/T_Tree_trunk_D"",""registry_state"":""READ"",""import_data"":[{""state"":""READ"",""class_name"":""InterchangeAssetImportData"",""count"":1,""files"":[{""project_relative_source"":""art_source/TASK-004/polyhaven/树木/蓝花楹树/textures/jacaranda_tree_trunk_diff_4k.png"",""state"":""PRESENT"",""bytes"":71348386}],""pairing_state"":""IMPORTED_SOURCE_PATHS_RECORDED"",""licence_inference"":""NONE; import paths and file presence do not establish author/terms""}]},{""dependency"":""/Game/Hearthward/Assets/NaturalWorld/Rebuild/Textures/T_Tree_trunk_N"",""registry_state"":""READ"",""import_data"":[{""state"":""READ"",""class_name"":""InterchangeAssetImportData"",""count"":1,""files"":[{""project_relative_source"":""art_source/TASK-004/polyhaven/树木/蓝花楹树/textures/jacaranda_tree_trunk_nor_gl_4k.png"",""state"":""PRESENT"",""bytes"":72165570}],""pairing_state"":""IMPORTED_SOURCE_PATHS_RECORDED"",""licence_inference"":""NONE; import paths and file presence do not establish author/terms""}]}]",DIRECT_DEPENDENCY_PROJECT_SOURCE_PRESENT,READ,2,READ,1,[],0,NOT_EVALUATED,docs/qa/TASK-094/registry-sources-20261007-01/asset-sources.json
ue:/Game/Hearthward/Assets/NaturalWorld/Rebuild/Meshes/GrassCards/Materials/GrassCards_material_0,/Game/Hearthward/Assets/NaturalWorld/Rebuild/Meshes/GrassCards/Materials/GrassCards_material_0,art_source/TASK-026/Rebuild/,SOURCE_FAMILY_CANDIDATE,UNKNOWN,SOURCE_OR_LICENCE_UNKNOWN,READ,"[""MaterialInstanceConstant""]","[""NOT_APPLICABLE_TO_CLASS""]",[],NOT_APPLICABLE_TO_CLASS,NOT_EVALUATED,"[{""dependency"":""/Game/Hearthward/Assets/NaturalWorld/Rebuild/Meshes/GrassCards/Textures/GrassCards_texture_0"",""registry_state"":""READ"",""import_data"":[{""state"":""READ"",""class_name"":""InterchangeAssetImportData"",""count"":1,""files"":[{""project_relative_source"":""art_source/TASK-026/Rebuild/water/GrassCards.glb"",""state"":""PRESENT"",""bytes"":1636}],""pairing_state"":""IMPORTED_SOURCE_PATHS_RECORDED"",""licence_inference"":""NONE; import paths and file presence do not establish author/terms""}]}]",DIRECT_DEPENDENCY_PROJECT_SOURCE_PRESENT,READ,3,READ,0,[],0,NOT_EVALUATED,docs/qa/TASK-094/registry-sources-20261007-01/asset-sources.json
ue:/Game/Hearthward/Assets/NaturalWorld/Rebuild/Meshes/GrassCards/StaticMeshes/SM_GrassCards,/Game/Hearthward/Assets/NaturalWorld/Rebuild/Meshes/GrassCards/StaticMeshes/SM_GrassCards,art_source/TASK-026/Rebuild/,SOURCE_FAMILY_CANDIDATE,UNKNOWN,SOURCE_OR_LICENCE_UNKNOWN,READ,"[""StaticMesh""]","[""READ""]","[{""project_relative_source"":""art_source/TASK-026/Rebuild/water/GrassCards.glb"",""state"":""PRESENT"",""bytes"":1636}]",IMPORTED_PROJECT_SOURCE_PRESENT,WITHIN_OR_EQUAL_TO_STATIC_CANDIDATE,"[{""dependency"":""/Game/Hearthward/Assets/NaturalWorld/Rebuild/Materials/M_GrassCards"",""registry_state"":""READ"",""import_data"":[{""state"":""NOT_APPLICABLE_TO_CLASS"",""class_name"":""Material"",""count"":null,""files"":null,""pairing_state"":""UNKNOWN""}]}]",NO_SOURCE_EVIDENCE_WITHIN_SELECTED_DIRECT_DEPENDENCIES,READ,3,READ,224,[],223,NOT_EVALUATED,docs/qa/TASK-094/registry-sources-20261007-01/asset-sources.json
ue:/Game/Hearthward/Assets/NaturalWorld/Rebuild/Meshes/GrassCards/Textures/GrassCards_texture_0,/Game/Hearthward/Assets/NaturalWorld/Rebuild/Meshes/GrassCards/Textures/GrassCards_texture_0,art_source/TASK-026/Rebuild/,SOURCE_FAMILY_CANDIDATE,UNKNOWN,SOURCE_OR_LICENCE_UNKNOWN,READ,"[""Texture2D""]","[""READ""]","[{""project_relative_source"":""art_source/TASK-026/Rebuild/water/GrassCards.glb"",""state"":""PRESENT"",""bytes"":1636}]",IMPORTED_PROJECT_SOURCE_PRESENT,WITHIN_OR_EQUAL_TO_STATIC_CANDIDATE,[],NO_SOURCE_EVIDENCE_WITHIN_SELECTED_DIRECT_DEPENDENCIES,READ,1,READ,1,[],0,NOT_EVALUATED,docs/qa/TASK-094/registry-sources-20261007-01/asset-sources.json
ue:/Game/Hearthward/Assets/NaturalWorld/Rebuild/Meshes/Lake_0/StaticMeshes/SM_Lake_0,/Game/Hearthward/Assets/NaturalWorld/Rebuild/Meshes/Lake_0/StaticMeshes/SM_Lake_0,art_source/TASK-026/Rebuild/,SOURCE_FAMILY_CANDIDATE,UNKNOWN,SOURCE_OR_LICENCE_UNKNOWN,READ,"[""StaticMesh""]","[""READ""]","[{""project_relative_source"":""art_source/TASK-026/Rebuild/water/Lake_0.glb"",""state"":""PRESENT"",""bytes"":3040}]",IMPORTED_PROJECT_SOURCE_PRESENT,WITHIN_OR_EQUAL_TO_STATIC_CANDIDATE,"[{""dependency"":""/Game/Hearthward/Assets/NaturalWorld/Rebuild/Materials/M_RiverWater"",""registry_state"":""READ"",""import_data"":[{""state"":""NOT_APPLICABLE_TO_CLASS"",""class_name"":""Material"",""count"":null,""files"":null,""pairing_state"":""UNKNOWN""}]}]",NO_SOURCE_EVIDENCE_WITHIN_SELECTED_DIRECT_DEPENDENCIES,READ,3,READ,1,[],1,NOT_EVALUATED,docs/qa/TASK-094/registry-sources-20261007-01/asset-sources.json
ue:/Game/Hearthward/Assets/NaturalWorld/Rebuild/Meshes/Lake_1/StaticMeshes/SM_Lake_1,/Game/Hearthward/Assets/NaturalWorld/Rebuild/Meshes/Lake_1/StaticMeshes/SM_Lake_1,art_source/TASK-026/Rebuild/,SOURCE_FAMILY_CANDIDATE,UNKNOWN,SOURCE_OR_LICENCE_UNKNOWN,READ,"[""StaticMesh""]","[""READ""]","[{""project_relative_source"":""art_source/TASK-026/Rebuild/water/Lake_1.glb"",""state"":""PRESENT"",""bytes"":3040}]",IMPORTED_PROJECT_SOURCE_PRESENT,WITHIN_OR_EQUAL_TO_STATIC_CANDIDATE,"[{""dependency"":""/Game/Hearthward/Assets/NaturalWorld/Rebuild/Materials/M_RiverWater"",""registry_state"":""READ"",""import_data"":[{""state"":""NOT_APPLICABLE_TO_CLASS"",""class_name"":""Material"",""count"":null,""files"":null,""pairing_state"":""UNKNOWN""}]}]",NO_SOURCE_EVIDENCE_WITHIN_SELECTED_DIRECT_DEPENDENCIES,READ,3,READ,1,[],1,NOT_EVALUATED,docs/qa/TASK-094/registry-sources-20261007-01/asset-sources.json
ue:/Game/Hearthward/Assets/NaturalWorld/Rebuild/Meshes/River_00/StaticMeshes/SM_River_00,/Game/Hearthward/Assets/NaturalWorld/Rebuild/Meshes/River_00/StaticMeshes/SM_River_00,art_source/TASK-026/Rebuild/,SOURCE_FAMILY_CANDIDATE,UNKNOWN,SOURCE_OR_LICENCE_UNKNOWN,READ,"[""StaticMesh""]","[""READ""]","[{""project_relative_source"":""art_source/TASK-026/Rebuild/water/River_00.glb"",""state"":""PRESENT"",""bytes"":3772}]",IMPORTED_PROJECT_SOURCE_PRESENT,WITHIN_OR_EQUAL_TO_STATIC_CANDIDATE,"[{""dependency"":""/Game/Hearthward/Assets/NaturalWorld/Rebuild/Materials/M_RiverWater"",""registry_state"":""READ"",""import_data"":[{""state"":""NOT_APPLICABLE_TO_CLASS"",""class_name"":""Material"",""count"":null,""files"":null,""pairing_state"":""UNKNOWN""}]}]",NO_SOURCE_EVIDENCE_WITHIN_SELECTED_DIRECT_DEPENDENCIES,READ,3,READ,1,[],1,NOT_EVALUATED,docs/qa/TASK-094/registry-sources-20261007-01/asset-sources.json
ue:/Game/Hearthward/Assets/NaturalWorld/Rebuild/Meshes/River_01/StaticMeshes/SM_River_01,/Game/Hearthward/Assets/NaturalWorld/Rebuild/Meshes/River_01/StaticMeshes/SM_River_01,art_source/TASK-026/Rebuild/,SOURCE_FAMILY_CANDIDATE,UNKNOWN,SOURCE_OR_LICENCE_UNKNOWN,READ,"[""StaticMesh""]","[""READ""]","[{""project_relative_source"":""art_source/TASK-026/Rebuild/water/River_01.glb"",""state"":""PRESENT"",""bytes"":3772}]",IMPORTED_PROJECT_SOURCE_PRESENT,WITHIN_OR_EQUAL_TO_STATIC_CANDIDATE,"[{""dependency"":""/Game/Hearthward/Assets/NaturalWorld/Rebuild/Materials/M_RiverWater"",""registry_state"":""READ"",""import_data"":[{""state"":""NOT_APPLICABLE_TO_CLASS"",""class_name"":""Material"",""count"":null,""files"":null,""pairing_state"":""UNKNOWN""}]}]",NO_SOURCE_EVIDENCE_WITHIN_SELECTED_DIRECT_DEPENDENCIES,READ,3,READ,1,[],1,NOT_EVALUATED,docs/qa/TASK-094/registry-sources-20261007-01/asset-sources.json
ue:/Game/Hearthward/Assets/NaturalWorld/Rebuild/Meshes/River_02/StaticMeshes/SM_River_02,/Game/Hearthward/Assets/NaturalWorld/Rebuild/Meshes/River_02/StaticMeshes/SM_River_02,art_source/TASK-026/Rebuild/,SOURCE_FAMILY_CANDIDATE,UNKNOWN,SOURCE_OR_LICENCE_UNKNOWN,READ,"[""StaticMesh""]","[""READ""]","[{""project_relative_source"":""art_source/TASK-026/Rebuild/water/River_02.glb"",""state"":""PRESENT"",""bytes"":3768}]",IMPORTED_PROJECT_SOURCE_PRESENT,WITHIN_OR_EQUAL_TO_STATIC_CANDIDATE,"[{""dependency"":""/Game/Hearthward/Assets/NaturalWorld/Rebuild/Materials/M_RiverWater"",""registry_state"":""READ"",""import_data"":[{""state"":""NOT_APPLICABLE_TO_CLASS"",""class_name"":""Material"",""count"":null,""files"":null,""pairing_state"":""UNKNOWN""}]}]",NO_SOURCE_EVIDENCE_WITHIN_SELECTED_DIRECT_DEPENDENCIES,READ,3,READ,1,[],1,NOT_EVALUATED,docs/qa/TASK-094/registry-sources-20261007-01/asset-sources.json
ue:/Game/Hearthward/Assets/NaturalWorld/Rebuild/Meshes/River_03/StaticMeshes/SM_River_03,/Game/Hearthward/Assets/NaturalWorld/Rebuild/Meshes/River_03/StaticMeshes/SM_River_03,art_source/TASK-026/Rebuild/,SOURCE_FAMILY_CANDIDATE,UNKNOWN,SOURCE_OR_LICENCE_UNKNOWN,READ,"[""StaticMesh""]","[""READ""]","[{""project_relative_source"":""art_source/TASK-026/Rebuild/water/River_03.glb"",""state"":""PRESENT"",""bytes"":3772}]",IMPORTED_PROJECT_SOURCE_PRESENT,WITHIN_OR_EQUAL_TO_STATIC_CANDIDATE,"[{""dependency"":""/Game/Hearthward/Assets/NaturalWorld/Rebuild/Materials/M_RiverWater"",""registry_state"":""READ"",""import_data"":[{""state"":""NOT_APPLICABLE_TO_CLASS"",""class_name"":""Material"",""count"":null,""files"":null,""pairing_state"":""UNKNOWN""}]}]",NO_SOURCE_EVIDENCE_WITHIN_SELECTED_DIRECT_DEPENDENCIES,READ,3,READ,1,[],1,NOT_EVALUATED,docs/qa/TASK-094/registry-sources-20261007-01/asset-sources.json
ue:/Game/Hearthward/Assets/NaturalWorld/Rebuild/Meshes/River_04/StaticMeshes/SM_River_04,/Game/Hearthward/Assets/NaturalWorld/Rebuild/Meshes/River_04/StaticMeshes/SM_River_04,art_source/TASK-026/Rebuild/,SOURCE_FAMILY_CANDIDATE,UNKNOWN,SOURCE_OR_LICENCE_UNKNOWN,READ,"[""StaticMesh""]","[""READ""]","[{""project_relative_source"":""art_source/TASK-026/Rebuild/water/River_04.glb"",""state"":""PRESENT"",""bytes"":3768}]",IMPORTED_PROJECT_SOURCE_PRESENT,WITHIN_OR_EQUAL_TO_STATIC_CANDIDATE,"[{""dependency"":""/Game/Hearthward/Assets/NaturalWorld/Rebuild/Materials/M_RiverWater"",""registry_state"":""READ"",""import_data"":[{""state"":""NOT_APPLICABLE_TO_CLASS"",""class_name"":""Material"",""count"":null,""files"":null,""pairing_state"":""UNKNOWN""}]}]",NO_SOURCE_EVIDENCE_WITHIN_SELECTED_DIRECT_DEPENDENCIES,READ,3,READ,1,[],1,NOT_EVALUATED,docs/qa/TASK-094/registry-sources-20261007-01/asset-sources.json
ue:/Game/Hearthward/Assets/NaturalWorld/Rebuild/Meshes/River_05/StaticMeshes/SM_River_05,/Game/Hearthward/Assets/NaturalWorld/Rebuild/Meshes/River_05/StaticMeshes/SM_River_05,art_source/TASK-026/Rebuild/,SOURCE_FAMILY_CANDIDATE,UNKNOWN,SOURCE_OR_LICENCE_UNKNOWN,READ,"[""StaticMesh""]","[""READ""]","[{""project_relative_source"":""art_source/TASK-026/Rebuild/water/River_05.glb"",""state"":""PRESENT"",""bytes"":3768}]",IMPORTED_PROJECT_SOURCE_PRESENT,WITHIN_OR_EQUAL_TO_STATIC_CANDIDATE,"[{""dependency"":""/Game/Hearthward/Assets/NaturalWorld/Rebuild/Materials/M_RiverFoam"",""registry_state"":""READ"",""import_data"":[{""state"":""NOT_APPLICABLE_TO_CLASS"",""class_name"":""Material"",""count"":null,""files"":null,""pairing_state"":""UNKNOWN""}]}]",NO_SOURCE_EVIDENCE_WITHIN_SELECTED_DIRECT_DEPENDENCIES,READ,3,READ,1,[],1,NOT_EVALUATED,docs/qa/TASK-094/registry-sources-20261007-01/asset-sources.json
ue:/Game/Hearthward/Assets/NaturalWorld/Rebuild/Meshes/River_06/StaticMeshes/SM_River_06,/Game/Hearthward/Assets/NaturalWorld/Rebuild/Meshes/River_06/StaticMeshes/SM_River_06,art_source/TASK-026/Rebuild/,SOURCE_FAMILY_CANDIDATE,UNKNOWN,SOURCE_OR_LICENCE_UNKNOWN,READ,"[""StaticMesh""]","[""READ""]","[{""project_relative_source"":""art_source/TASK-026/Rebuild/water/River_06.glb"",""state"":""PRESENT"",""bytes"":3768}]",IMPORTED_PROJECT_SOURCE_PRESENT,WITHIN_OR_EQUAL_TO_STATIC_CANDIDATE,"[{""dependency"":""/Game/Hearthward/Assets/NaturalWorld/Rebuild/Materials/M_RiverWater"",""registry_state"":""READ"",""import_data"":[{""state"":""NOT_APPLICABLE_TO_CLASS"",""class_name"":""Material"",""count"":null,""files"":null,""pairing_state"":""UNKNOWN""}]}]",NO_SOURCE_EVIDENCE_WITHIN_SELECTED_DIRECT_DEPENDENCIES,READ,3,READ,1,[],1,NOT_EVALUATED,docs/qa/TASK-094/registry-sources-20261007-01/asset-sources.json
ue:/Game/Hearthward/Assets/NaturalWorld/Rebuild/Meshes/River_07/StaticMeshes/SM_River_07,/Game/Hearthward/Assets/NaturalWorld/Rebuild/Meshes/River_07/StaticMeshes/SM_River_07,art_source/TASK-026/Rebuild/,SOURCE_FAMILY_CANDIDATE,UNKNOWN,SOURCE_OR_LICENCE_UNKNOWN,READ,"[""StaticMesh""]","[""READ""]","[{""project_relative_source"":""art_source/TASK-026/Rebuild/water/River_07.glb"",""state"":""PRESENT"",""bytes"":3768}]",IMPORTED_PROJECT_SOURCE_PRESENT,WITHIN_OR_EQUAL_TO_STATIC_CANDIDATE,"[{""dependency"":""/Game/Hearthward/Assets/NaturalWorld/Rebuild/Materials/M_RiverWater"",""registry_state"":""READ"",""import_data"":[{""state"":""NOT_APPLICABLE_TO_CLASS"",""class_name"":""Material"",""count"":null,""files"":null,""pairing_state"":""UNKNOWN""}]}]",NO_SOURCE_EVIDENCE_WITHIN_SELECTED_DIRECT_DEPENDENCIES,READ,3,READ,1,[],1,NOT_EVALUATED,docs/qa/TASK-094/registry-sources-20261007-01/asset-sources.json
ue:/Game/Hearthward/Assets/NaturalWorld/Rebuild/Meshes/River_08/StaticMeshes/SM_River_08,/Game/Hearthward/Assets/NaturalWorld/Rebuild/Meshes/River_08/StaticMeshes/SM_River_08,art_source/TASK-026/Rebuild/,SOURCE_FAMILY_CANDIDATE,UNKNOWN,SOURCE_OR_LICENCE_UNKNOWN,READ,"[""StaticMesh""]","[""READ""]","[{""project_relative_source"":""art_source/TASK-026/Rebuild/water/River_08.glb"",""state"":""PRESENT"",""bytes"":3772}]",IMPORTED_PROJECT_SOURCE_PRESENT,WITHIN_OR_EQUAL_TO_STATIC_CANDIDATE,"[{""dependency"":""/Game/Hearthward/Assets/NaturalWorld/Rebuild/Materials/M_RiverWater"",""registry_state"":""READ"",""import_data"":[{""state"":""NOT_APPLICABLE_TO_CLASS"",""class_name"":""Material"",""count"":null,""files"":null,""pairing_state"":""UNKNOWN""}]}]",NO_SOURCE_EVIDENCE_WITHIN_SELECTED_DIRECT_DEPENDENCIES,READ,3,READ,1,[],1,NOT_EVALUATED,docs/qa/TASK-094/registry-sources-20261007-01/asset-sources.json
ue:/Game/Hearthward/Assets/NaturalWorld/Rebuild/Meshes/River_09/StaticMeshes/SM_River_09,/Game/Hearthward/Assets/NaturalWorld/Rebuild/Meshes/River_09/StaticMeshes/SM_River_09,art_source/TASK-026/Rebuild/,SOURCE_FAMILY_CANDIDATE,UNKNOWN,SOURCE_OR_LICENCE_UNKNOWN,READ,"[""StaticMesh""]","[""READ""]","[{""project_relative_source"":""art_source/TASK-026/Rebuild/water/River_09.glb"",""state"":""PRESENT"",""bytes"":3768}]",IMPORTED_PROJECT_SOURCE_PRESENT,WITHIN_OR_EQUAL_TO_STATIC_CANDIDATE,"[{""dependency"":""/Game/Hearthward/Assets/NaturalWorld/Rebuild/Materials/M_RiverWater"",""registry_state"":""READ"",""import_data"":[{""state"":""NOT_APPLICABLE_TO_CLASS"",""class_name"":""Material"",""count"":null,""files"":null,""pairing_state"":""UNKNOWN""}]}]",NO_SOURCE_EVIDENCE_WITHIN_SELECTED_DIRECT_DEPENDENCIES,READ,3,READ,1,[],1,NOT_EVALUATED,docs/qa/TASK-094/registry-sources-20261007-01/asset-sources.json
ue:/Game/Hearthward/Assets/NaturalWorld/Rebuild/Meshes/River_10/StaticMeshes/SM_River_10,/Game/Hearthward/Assets/NaturalWorld/Rebuild/Meshes/River_10/StaticMeshes/SM_River_10,art_source/TASK-026/Rebuild/,SOURCE_FAMILY_CANDIDATE,UNKNOWN,SOURCE_OR_LICENCE_UNKNOWN,READ,"[""StaticMesh""]","[""READ""]","[{""project_relative_source"":""art_source/TASK-026/Rebuild/water/River_10.glb"",""state"":""PRESENT"",""bytes"":3768}]",IMPORTED_PROJECT_SOURCE_PRESENT,WITHIN_OR_EQUAL_TO_STATIC_CANDIDATE,"[{""dependency"":""/Game/Hearthward/Assets/NaturalWorld/Rebuild/Materials/M_RiverWater"",""registry_state"":""READ"",""import_data"":[{""state"":""NOT_APPLICABLE_TO_CLASS"",""class_name"":""Material"",""count"":null,""files"":null,""pairing_state"":""UNKNOWN""}]}]",NO_SOURCE_EVIDENCE_WITHIN_SELECTED_DIRECT_DEPENDENCIES,READ,3,READ,1,[],1,NOT_EVALUATED,docs/qa/TASK-094/registry-sources-20261007-01/asset-sources.json
ue:/Game/Hearthward/Assets/NaturalWorld/Rebuild/Meshes/River_11/StaticMeshes/SM_River_11,/Game/Hearthward/Assets/NaturalWorld/Rebuild/Meshes/River_11/StaticMeshes/SM_River_11,art_source/TASK-026/Rebuild/,SOURCE_FAMILY_CANDIDATE,UNKNOWN,SOURCE_OR_LICENCE_UNKNOWN,READ,"[""StaticMesh""]","[""READ""]","[{""project_relative_source"":""art_source/TASK-026/Rebuild/water/River_11.glb"",""state"":""PRESENT"",""bytes"":3768}]",IMPORTED_PROJECT_SOURCE_PRESENT,WITHIN_OR_EQUAL_TO_STATIC_CANDIDATE,"[{""dependency"":""/Game/Hearthward/Assets/NaturalWorld/Rebuild/Materials/M_RiverWater"",""registry_state"":""READ"",""import_data"":[{""state"":""NOT_APPLICABLE_TO_CLASS"",""class_name"":""Material"",""count"":null,""files"":null,""pairing_state"":""UNKNOWN""}]}]",NO_SOURCE_EVIDENCE_WITHIN_SELECTED_DIRECT_DEPENDENCIES,READ,3,READ,1,[],1,NOT_EVALUATED,docs/qa/TASK-094/registry-sources-20261007-01/asset-sources.json
ue:/Game/Hearthward/Assets/NaturalWorld/Rebuild/Meshes/River_12/StaticMeshes/SM_River_12,/Game/Hearthward/Assets/NaturalWorld/Rebuild/Meshes/River_12/StaticMeshes/SM_River_12,art_source/TASK-026/Rebuild/,SOURCE_FAMILY_CANDIDATE,UNKNOWN,SOURCE_OR_LICENCE_UNKNOWN,READ,"[""StaticMesh""]","[""READ""]","[{""project_relative_source"":""art_source/TASK-026/Rebuild/water/River_12.glb"",""state"":""PRESENT"",""bytes"":3772}]",IMPORTED_PROJECT_SOURCE_PRESENT,WITHIN_OR_EQUAL_TO_STATIC_CANDIDATE,"[{""dependency"":""/Game/Hearthward/Assets/NaturalWorld/Rebuild/Materials/M_RiverWater"",""registry_state"":""READ"",""import_data"":[{""state"":""NOT_APPLICABLE_TO_CLASS"",""class_name"":""Material"",""count"":null,""files"":null,""pairing_state"":""UNKNOWN""}]}]",NO_SOURCE_EVIDENCE_WITHIN_SELECTED_DIRECT_DEPENDENCIES,READ,3,READ,1,[],1,NOT_EVALUATED,docs/qa/TASK-094/registry-sources-20261007-01/asset-sources.json
ue:/Game/Hearthward/Assets/NaturalWorld/Rebuild/Meshes/River_13/StaticMeshes/SM_River_13,/Game/Hearthward/Assets/NaturalWorld/Rebuild/Meshes/River_13/StaticMeshes/SM_River_13,art_source/TASK-026/Rebuild/,SOURCE_FAMILY_CANDIDATE,UNKNOWN,SOURCE_OR_LICENCE_UNKNOWN,READ,"[""StaticMesh""]","[""READ""]","[{""project_relative_source"":""art_source/TASK-026/Rebuild/water/River_13.glb"",""state"":""PRESENT"",""bytes"":3768}]",IMPORTED_PROJECT_SOURCE_PRESENT,WITHIN_OR_EQUAL_TO_STATIC_CANDIDATE,"[{""dependency"":""/Game/Hearthward/Assets/NaturalWorld/Rebuild/Materials/M_RiverWater"",""registry_state"":""READ"",""import_data"":[{""state"":""NOT_APPLICABLE_TO_CLASS"",""class_name"":""Material"",""count"":null,""files"":null,""pairing_state"":""UNKNOWN""}]}]",NO_SOURCE_EVIDENCE_WITHIN_SELECTED_DIRECT_DEPENDENCIES,READ,3,READ,1,[],1,NOT_EVALUATED,docs/qa/TASK-094/registry-sources-20261007-01/asset-sources.json
ue:/Game/Hearthward/Assets/NaturalWorld/Rebuild/Meshes/River_14/StaticMeshes/SM_River_14,/Game/Hearthward/Assets/NaturalWorld/Rebuild/Meshes/River_14/StaticMeshes/SM_River_14,art_source/TASK-026/Rebuild/,SOURCE_FAMILY_CANDIDATE,UNKNOWN,SOURCE_OR_LICENCE_UNKNOWN,READ,"[""StaticMesh""]","[""READ""]","[{""project_relative_source"":""art_source/TASK-026/Rebuild/water/River_14.glb"",""state"":""PRESENT"",""bytes"":3772}]",IMPORTED_PROJECT_SOURCE_PRESENT,WITHIN_OR_EQUAL_TO_STATIC_CANDIDATE,"[{""dependency"":""/Game/Hearthward/Assets/NaturalWorld/Rebuild/Materials/M_RiverWater"",""registry_state"":""READ"",""import_data"":[{""state"":""NOT_APPLICABLE_TO_CLASS"",""class_name"":""Material"",""count"":null,""files"":null,""pairing_state"":""UNKNOWN""}]}]",NO_SOURCE_EVIDENCE_WITHIN_SELECTED_DIRECT_DEPENDENCIES,READ,3,READ,1,[],1,NOT_EVALUATED,docs/qa/TASK-094/registry-sources-20261007-01/asset-sources.json
ue:/Game/Hearthward/Assets/NaturalWorld/Rebuild/Meshes/River_15/StaticMeshes/SM_River_15,/Game/Hearthward/Assets/NaturalWorld/Rebuild/Meshes/River_15/StaticMeshes/SM_River_15,art_source/TASK-026/Rebuild/,SOURCE_FAMILY_CANDIDATE,UNKNOWN,SOURCE_OR_LICENCE_UNKNOWN,READ,"[""StaticMesh""]","[""READ""]","[{""project_relative_source"":""art_source/TASK-026/Rebuild/water/River_15.glb"",""state"":""PRESENT"",""bytes"":3772}]",IMPORTED_PROJECT_SOURCE_PRESENT,WITHIN_OR_EQUAL_TO_STATIC_CANDIDATE,"[{""dependency"":""/Game/Hearthward/Assets/NaturalWorld/Rebuild/Materials/M_RiverWater"",""registry_state"":""READ"",""import_data"":[{""state"":""NOT_APPLICABLE_TO_CLASS"",""class_name"":""Material"",""count"":null,""files"":null,""pairing_state"":""UNKNOWN""}]}]",NO_SOURCE_EVIDENCE_WITHIN_SELECTED_DIRECT_DEPENDENCIES,READ,3,READ,1,[],1,NOT_EVALUATED,docs/qa/TASK-094/registry-sources-20261007-01/asset-sources.json
ue:/Game/Hearthward/Assets/NaturalWorld/Rebuild/Meshes/SM_CampFirA_CampUV,/Game/Hearthward/Assets/NaturalWorld/Rebuild/Meshes/SM_CampFirA_CampUV,art_source/TASK-004/polyhaven/,SOURCE_FAMILY_CANDIDATE,CC0_SOURCE_RECORDED_PACKAGE_PAIRING_PENDING,EXACT_SOURCE_PAIR_AND_OWNER_VISUAL_PENDING,READ,"[""StaticMesh""]","[""READ""]","[{""project_relative_source"":""art_source/TASK-026/Rebuild/ReworkV2/conifers/fir_tree_01_a.fbx"",""state"":""PRESENT"",""bytes"":5504540}]",IMPORTED_PROJECT_SOURCE_PRESENT,ACTUAL_IMPORT_PATH_DIFFERS_FROM_STATIC_CANDIDATE,"[{""dependency"":""/Game/Hearthward/Assets/NaturalWorld/Rebuild/Materials/M_CampFir_Bark"",""registry_state"":""READ"",""import_data"":[{""state"":""NOT_APPLICABLE_TO_CLASS"",""class_name"":""Material"",""count"":null,""files"":null,""pairing_state"":""UNKNOWN""}]},{""dependency"":""/Game/Hearthward/Assets/NaturalWorld/Rebuild/Materials/M_CampFir_TrunkA"",""registry_state"":""READ"",""import_data"":[{""state"":""NOT_APPLICABLE_TO_CLASS"",""class_name"":""Material"",""count"":null,""files"":null,""pairing_state"":""UNKNOWN""}]},{""dependency"":""/Game/Hearthward/Assets/NaturalWorld/Rebuild/Materials/M_CampFir_Twig"",""registry_state"":""READ"",""import_data"":[{""state"":""NOT_APPLICABLE_TO_CLASS"",""class_name"":""Material"",""count"":null,""files"":null,""pairing_state"":""UNKNOWN""}]}]",NO_SOURCE_EVIDENCE_WITHIN_SELECTED_DIRECT_DEPENDENCIES,READ,4,READ,1,[],1,NOT_EVALUATED,docs/qa/TASK-094/registry-sources-20261007-01/asset-sources.json
ue:/Game/Hearthward/Assets/NaturalWorld/Rebuild/Meshes/SM_CampFirC_CampUV,/Game/Hearthward/Assets/NaturalWorld/Rebuild/Meshes/SM_CampFirC_CampUV,art_source/TASK-004/polyhaven/,SOURCE_FAMILY_CANDIDATE,CC0_SOURCE_RECORDED_PACKAGE_PAIRING_PENDING,EXACT_SOURCE_PAIR_AND_OWNER_VISUAL_PENDING,READ,"[""StaticMesh""]","[""READ""]","[{""project_relative_source"":""art_source/TASK-026/Rebuild/ReworkV2/conifers/fir_tree_01_c.fbx"",""state"":""PRESENT"",""bytes"":2014108}]",IMPORTED_PROJECT_SOURCE_PRESENT,ACTUAL_IMPORT_PATH_DIFFERS_FROM_STATIC_CANDIDATE,"[{""dependency"":""/Game/Hearthward/Assets/NaturalWorld/Rebuild/Materials/M_CampFir_Bark"",""registry_state"":""READ"",""import_data"":[{""state"":""NOT_APPLICABLE_TO_CLASS"",""class_name"":""Material"",""count"":null,""files"":null,""pairing_state"":""UNKNOWN""}]},{""dependency"":""/Game/Hearthward/Assets/NaturalWorld/Rebuild/Materials/M_CampFir_TrunkC"",""registry_state"":""READ"",""import_data"":[{""state"":""NOT_APPLICABLE_TO_CLASS"",""class_name"":""Material"",""count"":null,""files"":null,""pairing_state"":""UNKNOWN""}]},{""dependency"":""/Game/Hearthward/Assets/NaturalWorld/Rebuild/Materials/M_CampFir_Twig"",""registry_state"":""READ"",""import_data"":[{""state"":""NOT_APPLICABLE_TO_CLASS"",""class_name"":""Material"",""count"":null,""files"":null,""pairing_state"":""UNKNOWN""}]}]",NO_SOURCE_EVIDENCE_WITHIN_SELECTED_DIRECT_DEPENDENCIES,READ,4,READ,1,[],1,NOT_EVALUATED,docs/qa/TASK-094/registry-sources-20261007-01/asset-sources.json
ue:/Game/Hearthward/Assets/NaturalWorld/Rebuild/Meshes/SM_CampPineA,/Game/Hearthward/Assets/NaturalWorld/Rebuild/Meshes/SM_CampPineA,art_source/TASK-004/polyhaven/,SOURCE_FAMILY_CANDIDATE,CC0_SOURCE_RECORDED_PACKAGE_PAIRING_PENDING,EXACT_SOURCE_PAIR_AND_OWNER_VISUAL_PENDING,READ,"[""StaticMesh""]","[""READ""]","[{""project_relative_source"":""art_source/TASK-026/Rebuild/ReworkV2/conifers/pine_tree_01_a.fbx"",""state"":""PRESENT"",""bytes"":14016380}]",IMPORTED_PROJECT_SOURCE_PRESENT,ACTUAL_IMPORT_PATH_DIFFERS_FROM_STATIC_CANDIDATE,"[{""dependency"":""/Game/Hearthward/Assets/NaturalWorld/Rebuild/Materials/M_CampPine_Bark"",""registry_state"":""READ"",""import_data"":[{""state"":""NOT_APPLICABLE_TO_CLASS"",""class_name"":""Material"",""count"":null,""files"":null,""pairing_state"":""UNKNOWN""}]},{""dependency"":""/Game/Hearthward/Assets/NaturalWorld/Rebuild/Materials/M_CampPine_TrunkA"",""registry_state"":""READ"",""import_data"":[{""state"":""NOT_APPLICABLE_TO_CLASS"",""class_name"":""Material"",""count"":null,""files"":null,""pairing_state"":""UNKNOWN""}]},{""dependency"":""/Game/Hearthward/Assets/NaturalWorld/Rebuild/Materials/M_CampPine_Twig"",""registry_state"":""READ"",""import_data"":[{""state"":""NOT_APPLICABLE_TO_CLASS"",""class_name"":""Material"",""count"":null,""files"":null,""pairing_state"":""UNKNOWN""}]}]",NO_SOURCE_EVIDENCE_WITHIN_SELECTED_DIRECT_DEPENDENCIES,READ,4,READ,1,[],1,NOT_EVALUATED,docs/qa/TASK-094/registry-sources-20261007-01/asset-sources.json
ue:/Game/Hearthward/Assets/NaturalWorld/Rebuild/Meshes/SM_CampPineC,/Game/Hearthward/Assets/NaturalWorld/Rebuild/Meshes/SM_CampPineC,art_source/TASK-004/polyhaven/,SOURCE_FAMILY_CANDIDATE,CC0_SOURCE_RECORDED_PACKAGE_PAIRING_PENDING,EXACT_SOURCE_PAIR_AND_OWNER_VISUAL_PENDING,READ,"[""StaticMesh""]","[""READ""]","[{""project_relative_source"":""art_source/TASK-026/Rebuild/ReworkV2/conifers/pine_tree_01_c.fbx"",""state"":""PRESENT"",""bytes"":11660252}]",IMPORTED_PROJECT_SOURCE_PRESENT,ACTUAL_IMPORT_PATH_DIFFERS_FROM_STATIC_CANDIDATE,"[{""dependency"":""/Game/Hearthward/Assets/NaturalWorld/Rebuild/Materials/M_CampPine_Bark"",""registry_state"":""READ"",""import_data"":[{""state"":""NOT_APPLICABLE_TO_CLASS"",""class_name"":""Material"",""count"":null,""files"":null,""pairing_state"":""UNKNOWN""}]},{""dependency"":""/Game/Hearthward/Assets/NaturalWorld/Rebuild/Materials/M_CampPine_TrunkC"",""registry_state"":""READ"",""import_data"":[{""state"":""NOT_APPLICABLE_TO_CLASS"",""class_name"":""Material"",""count"":null,""files"":null,""pairing_state"":""UNKNOWN""}]},{""dependency"":""/Game/Hearthward/Assets/NaturalWorld/Rebuild/Materials/M_CampPine_Twig"",""registry_state"":""READ"",""import_data"":[{""state"":""NOT_APPLICABLE_TO_CLASS"",""class_name"":""Material"",""count"":null,""files"":null,""pairing_state"":""UNKNOWN""}]}]",NO_SOURCE_EVIDENCE_WITHIN_SELECTED_DIRECT_DEPENDENCIES,READ,4,READ,1,[],1,NOT_EVALUATED,docs/qa/TASK-094/registry-sources-20261007-01/asset-sources.json
ue:/Game/Hearthward/Assets/NaturalWorld/Rebuild/Meshes/SM_Rock,/Game/Hearthward/Assets/NaturalWorld/Rebuild/Meshes/SM_Rock,art_source/TASK-004/sketchfab/岩石/中岩石/textures/d_m.jpg,SOURCE_FAMILY_CANDIDATE,UNKNOWN_ORIGINAL_AUTHOR_URL_PER_ASSET_TERMS,SKETCHFAB_PROVENANCE_UNKNOWN,READ,"[""StaticMesh""]","[""READ""]","[{""project_relative_source"":""art_source/TASK-026/Rebuild/sketchfab/中岩石/stone assets.obj"",""state"":""PRESENT"",""bytes"":20342982}]",IMPORTED_PROJECT_SOURCE_PRESENT,ACTUAL_IMPORT_PATH_DIFFERS_FROM_STATIC_CANDIDATE,"[{""dependency"":""/Game/Hearthward/Assets/NaturalWorld/Rebuild/Materials/M_RockScan"",""registry_state"":""READ"",""import_data"":[{""state"":""NOT_APPLICABLE_TO_CLASS"",""class_name"":""Material"",""count"":null,""files"":null,""pairing_state"":""UNKNOWN""}]}]",NO_SOURCE_EVIDENCE_WITHIN_SELECTED_DIRECT_DEPENDENCIES,READ,3,READ,239,[],239,NOT_EVALUATED,docs/qa/TASK-094/registry-sources-20261007-01/asset-sources.json
ue:/Game/Hearthward/Assets/NaturalWorld/Rebuild/Meshes/SM_S1_GrassCards,/Game/Hearthward/Assets/NaturalWorld/Rebuild/Meshes/SM_S1_GrassCards,art_source/TASK-026/Rebuild/,SOURCE_FAMILY_CANDIDATE,UNKNOWN,SOURCE_OR_LICENCE_UNKNOWN,READ,"[""StaticMesh""]","[""READ""]","[{""filename"":""GrassCards.glb"",""state"":""NOT_READ_OUTSIDE_ART_SOURCE"",""bytes"":null}]",IMPORTED_EXTERNAL_FILENAME_ONLY,NOT_EVALUATED,"[{""dependency"":""/Game/Hearthward/Assets/NaturalWorld/Rebuild/Materials/M_S1_GrassCards"",""registry_state"":""READ"",""import_data"":[{""state"":""NOT_APPLICABLE_TO_CLASS"",""class_name"":""Material"",""count"":null,""files"":null,""pairing_state"":""UNKNOWN""}]}]",NO_SOURCE_EVIDENCE_WITHIN_SELECTED_DIRECT_DEPENDENCIES,READ,3,READ,1,[],0,NOT_EVALUATED,docs/qa/TASK-094/registry-sources-20261007-01/asset-sources.json
ue:/Game/Hearthward/Assets/NaturalWorld/Rebuild/Meshes/SM_S1_IslandTree,/Game/Hearthward/Assets/NaturalWorld/Rebuild/Meshes/SM_S1_IslandTree,art_source/TASK-004/polyhaven/,SOURCE_FAMILY_CANDIDATE,CC0_SOURCE_RECORDED_PACKAGE_PAIRING_PENDING,EXACT_SOURCE_PAIR_AND_OWNER_VISUAL_PENDING,READ,"[""StaticMesh""]","[""READ""]","[{""project_relative_source"":""art_source/TASK-026/Rebuild/ReworkV2/island_tree/island_tree_02.fbx"",""state"":""PRESENT"",""bytes"":14316444}]",IMPORTED_PROJECT_SOURCE_PRESENT,ACTUAL_IMPORT_PATH_DIFFERS_FROM_STATIC_CANDIDATE,"[{""dependency"":""/Game/Hearthward/Assets/NaturalWorld/Rebuild/Materials/M_S1_Island_branches"",""registry_state"":""READ"",""import_data"":[{""state"":""NOT_APPLICABLE_TO_CLASS"",""class_name"":""Material"",""count"":null,""files"":null,""pairing_state"":""UNKNOWN""}]},{""dependency"":""/Game/Hearthward/Assets/NaturalWorld/Rebuild/Materials/M_S1_Island_leaves"",""registry_state"":""READ"",""import_data"":[{""state"":""NOT_APPLICABLE_TO_CLASS"",""class_name"":""Material"",""count"":null,""files"":null,""pairing_state"":""UNKNOWN""}]},{""dependency"":""/Game/Hearthward/Assets/NaturalWorld/Rebuild/Materials/M_S1_Island_trunk"",""registry_state"":""READ"",""import_data"":[{""state"":""NOT_APPLICABLE_TO_CLASS"",""class_name"":""Material"",""count"":null,""files"":null,""pairing_state"":""UNKNOWN""}]}]",NO_SOURCE_EVIDENCE_WITHIN_SELECTED_DIRECT_DEPENDENCIES,READ,4,READ,2,[],2,NOT_EVALUATED,docs/qa/TASK-094/registry-sources-20261007-01/asset-sources.json
ue:/Game/Hearthward/Assets/NaturalWorld/Rebuild/Meshes/SM_Shrub,/Game/Hearthward/Assets/NaturalWorld/Rebuild/Meshes/SM_Shrub,art_source/TASK-004/polyhaven/,SOURCE_FAMILY_CANDIDATE,CC0_SOURCE_RECORDED_PACKAGE_PAIRING_PENDING,EXACT_SOURCE_PAIR_AND_OWNER_VISUAL_PENDING,READ,"[""StaticMesh""]","[""READ""]","[{""project_relative_source"":""art_source/TASK-026/Rebuild/polyhaven/shrub_01/shrub_01.fbx"",""state"":""PRESENT"",""bytes"":4655340}]",IMPORTED_PROJECT_SOURCE_PRESENT,ACTUAL_IMPORT_PATH_DIFFERS_FROM_STATIC_CANDIDATE,"[{""dependency"":""/Game/Hearthward/Assets/NaturalWorld/Rebuild/Materials/M_Shrub"",""registry_state"":""READ"",""import_data"":[{""state"":""NOT_APPLICABLE_TO_CLASS"",""class_name"":""Material"",""count"":null,""files"":null,""pairing_state"":""UNKNOWN""}]}]",NO_SOURCE_EVIDENCE_WITHIN_SELECTED_DIRECT_DEPENDENCIES,READ,2,READ,233,[],233,NOT_EVALUATED,docs/qa/TASK-094/registry-sources-20261007-01/asset-sources.json
ue:/Game/Hearthward/Assets/NaturalWorld/Rebuild/Meshes/SM_Stump,/Game/Hearthward/Assets/NaturalWorld/Rebuild/Meshes/SM_Stump,art_source/TASK-004/polyhaven/,SOURCE_FAMILY_CANDIDATE,CC0_SOURCE_RECORDED_PACKAGE_PAIRING_PENDING,EXACT_SOURCE_PAIR_AND_OWNER_VISUAL_PENDING,READ,"[""StaticMesh""]","[""READ""]","[{""project_relative_source"":""art_source/TASK-026/Rebuild/polyhaven/tree_stump_01/tree_stump_01.fbx"",""state"":""PRESENT"",""bytes"":2871068}]",IMPORTED_PROJECT_SOURCE_PRESENT,ACTUAL_IMPORT_PATH_DIFFERS_FROM_STATIC_CANDIDATE,"[{""dependency"":""/Game/Hearthward/Assets/NaturalWorld/Rebuild/Materials/M_Stump"",""registry_state"":""READ"",""import_data"":[{""state"":""NOT_APPLICABLE_TO_CLASS"",""class_name"":""Material"",""count"":null,""files"":null,""pairing_state"":""UNKNOWN""}]}]",NO_SOURCE_EVIDENCE_WITHIN_SELECTED_DIRECT_DEPENDENCIES,READ,2,READ,66,[],66,NOT_EVALUATED,docs/qa/TASK-094/registry-sources-20261007-01/asset-sources.json
ue:/Game/Hearthward/Assets/NaturalWorld/Rebuild/Meshes/SM_Tree,/Game/Hearthward/Assets/NaturalWorld/Rebuild/Meshes/SM_Tree,art_source/TASK-004/polyhaven/,SOURCE_FAMILY_CANDIDATE,CC0_SOURCE_RECORDED_PACKAGE_PAIRING_PENDING,EXACT_SOURCE_PAIR_AND_OWNER_VISUAL_PENDING,READ,"[""StaticMesh""]","[""READ""]","[{""project_relative_source"":""art_source/TASK-026/Rebuild/polyhaven/jacaranda_tree/jacaranda_tree.fbx"",""state"":""PRESENT"",""bytes"":132437628}]",IMPORTED_PROJECT_SOURCE_PRESENT,ACTUAL_IMPORT_PATH_DIFFERS_FROM_STATIC_CANDIDATE,"[{""dependency"":""/Game/Hearthward/Assets/NaturalWorld/Rebuild/Materials/M_Tree_branches"",""registry_state"":""READ"",""import_data"":[{""state"":""NOT_APPLICABLE_TO_CLASS"",""class_name"":""Material"",""count"":null,""files"":null,""pairing_state"":""UNKNOWN""}]},{""dependency"":""/Game/Hearthward/Assets/NaturalWorld/Rebuild/Materials/M_Tree_leaves"",""registry_state"":""READ"",""import_data"":[{""state"":""NOT_APPLICABLE_TO_CLASS"",""class_name"":""Material"",""count"":null,""files"":null,""pairing_state"":""UNKNOWN""}]},{""dependency"":""/Game/Hearthward/Assets/NaturalWorld/Rebuild/Materials/M_Tree_trunk"",""registry_state"":""READ"",""import_data"":[{""state"":""NOT_APPLICABLE_TO_CLASS"",""class_name"":""Material"",""count"":null,""files"":null,""pairing_state"":""UNKNOWN""}]}]",NO_SOURCE_EVIDENCE_WITHIN_SELECTED_DIRECT_DEPENDENCIES,READ,4,READ,232,[],232,NOT_EVALUATED,docs/qa/TASK-094/registry-sources-20261007-01/asset-sources.json
ue:/Game/Hearthward/Assets/NaturalWorld/Rebuild/Meshes/Sea/StaticMeshes/SM_Sea,/Game/Hearthward/Assets/NaturalWorld/Rebuild/Meshes/Sea/StaticMeshes/SM_Sea,art_source/TASK-026/Rebuild/,SOURCE_FAMILY_CANDIDATE,UNKNOWN,SOURCE_OR_LICENCE_UNKNOWN,READ,"[""StaticMesh""]","[""READ""]","[{""project_relative_source"":""art_source/TASK-026/Rebuild/water/Sea.glb"",""state"":""PRESENT"",""bytes"":724}]",IMPORTED_PROJECT_SOURCE_PRESENT,WITHIN_OR_EQUAL_TO_STATIC_CANDIDATE,"[{""dependency"":""/Game/Hearthward/Assets/NaturalWorld/Rebuild/Materials/M_RiverWater"",""registry_state"":""READ"",""import_data"":[{""state"":""NOT_APPLICABLE_TO_CLASS"",""class_name"":""Material"",""count"":null,""files"":null,""pairing_state"":""UNKNOWN""}]}]",NO_SOURCE_EVIDENCE_WITHIN_SELECTED_DIRECT_DEPENDENCIES,READ,3,READ,1,[],1,NOT_EVALUATED,docs/qa/TASK-094/registry-sources-20261007-01/asset-sources.json
ue:/Game/Hearthward/Assets/NaturalWorld/Rebuild/Meshes/TrunkCollision/StaticMeshes/SM_TrunkCollision,/Game/Hearthward/Assets/NaturalWorld/Rebuild/Meshes/TrunkCollision/StaticMeshes/SM_TrunkCollision,art_source/TASK-026/Rebuild/,SOURCE_FAMILY_CANDIDATE,UNKNOWN,SOURCE_OR_LICENCE_UNKNOWN,READ,"[""StaticMesh""]","[""READ""]","[{""project_relative_source"":""art_source/TASK-026/Rebuild/water/TrunkCollision.glb"",""state"":""PRESENT"",""bytes"":1604}]",IMPORTED_PROJECT_SOURCE_PRESENT,WITHIN_OR_EQUAL_TO_STATIC_CANDIDATE,[],NO_SOURCE_EVIDENCE_WITHIN_SELECTED_DIRECT_DEPENDENCIES,READ,3,READ,238,[],238,NOT_EVALUATED,docs/qa/TASK-094/registry-sources-20261007-01/asset-sources.json
ue:/Game/Hearthward/Assets/NaturalWorld/Rebuild/Textures/T_Biomes,/Game/Hearthward/Assets/NaturalWorld/Rebuild/Textures/T_Biomes,art_source/TASK-026/Rebuild/,SOURCE_FAMILY_CANDIDATE,UNKNOWN,SOURCE_OR_LICENCE_UNKNOWN,READ,"[""Texture2D""]","[""READ""]","[{""project_relative_source"":""art_source/TASK-026/Rebuild/biome_weights.png"",""state"":""PRESENT"",""bytes"":1475759}]",IMPORTED_PROJECT_SOURCE_PRESENT,WITHIN_OR_EQUAL_TO_STATIC_CANDIDATE,[],NO_SOURCE_EVIDENCE_WITHIN_SELECTED_DIRECT_DEPENDENCIES,READ,1,READ,1,[],0,NOT_EVALUATED,docs/qa/TASK-094/registry-sources-20261007-01/asset-sources.json
ue:/Game/Hearthward/Assets/NaturalWorld/Rebuild/Textures/T_CampFir_Bark_D,/Game/Hearthward/Assets/NaturalWorld/Rebuild/Textures/T_CampFir_Bark_D,art_source/TASK-004/polyhaven/,SOURCE_FAMILY_CANDIDATE,CC0_SOURCE_RECORDED_PACKAGE_PAIRING_PENDING,EXACT_SOURCE_PAIR_AND_OWNER_VISUAL_PENDING,READ,"[""Texture2D""]","[""READ""]","[{""project_relative_source"":""art_source/TASK-004/polyhaven/树木/冷杉树/textures/fir_tree_01_bark_diff_4k.png"",""state"":""PRESENT"",""bytes"":84656318}]",IMPORTED_PROJECT_SOURCE_PRESENT,WITHIN_OR_EQUAL_TO_STATIC_CANDIDATE,[],NO_SOURCE_EVIDENCE_WITHIN_SELECTED_DIRECT_DEPENDENCIES,READ,1,READ,1,[],0,NOT_EVALUATED,docs/qa/TASK-094/registry-sources-20261007-01/asset-sources.json
ue:/Game/Hearthward/Assets/NaturalWorld/Rebuild/Textures/T_CampFir_Bark_N,/Game/Hearthward/Assets/NaturalWorld/Rebuild/Textures/T_CampFir_Bark_N,art_source/TASK-004/polyhaven/,SOURCE_FAMILY_CANDIDATE,CC0_SOURCE_RECORDED_PACKAGE_PAIRING_PENDING,EXACT_SOURCE_PAIR_AND_OWNER_VISUAL_PENDING,READ,"[""Texture2D""]","[""READ""]","[{""project_relative_source"":""art_source/TASK-004/polyhaven/树木/冷杉树/textures/fir_tree_01_bark_nor_gl_4k.png"",""state"":""PRESENT"",""bytes"":85406477}]",IMPORTED_PROJECT_SOURCE_PRESENT,WITHIN_OR_EQUAL_TO_STATIC_CANDIDATE,[],NO_SOURCE_EVIDENCE_WITHIN_SELECTED_DIRECT_DEPENDENCIES,READ,1,READ,1,[],0,NOT_EVALUATED,docs/qa/TASK-094/registry-sources-20261007-01/asset-sources.json
ue:/Game/Hearthward/Assets/NaturalWorld/Rebuild/Textures/T_CampFir_Bark_R,/Game/Hearthward/Assets/NaturalWorld/Rebuild/Textures/T_CampFir_Bark_R,art_source/TASK-004/polyhaven/,SOURCE_FAMILY_CANDIDATE,CC0_SOURCE_RECORDED_PACKAGE_PAIRING_PENDING,EXACT_SOURCE_PAIR_AND_OWNER_VISUAL_PENDING,READ,"[""Texture2D""]","[""READ""]","[{""project_relative_source"":""art_source/TASK-004/polyhaven/树木/冷杉树/textures/fir_tree_01_bark_rough_4k.png"",""state"":""PRESENT"",""bytes"":26676574}]",IMPORTED_PROJECT_SOURCE_PRESENT,WITHIN_OR_EQUAL_TO_STATIC_CANDIDATE,[],NO_SOURCE_EVIDENCE_WITHIN_SELECTED_DIRECT_DEPENDENCIES,READ,1,READ,1,[],0,NOT_EVALUATED,docs/qa/TASK-094/registry-sources-20261007-01/asset-sources.json
ue:/Game/Hearthward/Assets/NaturalWorld/Rebuild/Textures/T_CampFir_TrunkA_D,/Game/Hearthward/Assets/NaturalWorld/Rebuild/Textures/T_CampFir_TrunkA_D,art_source/TASK-004/polyhaven/,SOURCE_FAMILY_CANDIDATE,CC0_SOURCE_RECORDED_PACKAGE_PAIRING_PENDING,EXACT_SOURCE_PAIR_AND_OWNER_VISUAL_PENDING,READ,"[""Texture2D""]","[""READ""]","[{""project_relative_source"":""art_source/TASK-004/polyhaven/树木/冷杉树/textures/fir_tree_01_trunk_a_diff_4k.png"",""state"":""PRESENT"",""bytes"":65401320}]",IMPORTED_PROJECT_SOURCE_PRESENT,WITHIN_OR_EQUAL_TO_STATIC_CANDIDATE,[],NO_SOURCE_EVIDENCE_WITHIN_SELECTED_DIRECT_DEPENDENCIES,READ,1,READ,1,[],0,NOT_EVALUATED,docs/qa/TASK-094/registry-sources-20261007-01/asset-sources.json
ue:/Game/Hearthward/Assets/NaturalWorld/Rebuild/Textures/T_CampFir_TrunkA_N,/Game/Hearthward/Assets/NaturalWorld/Rebuild/Textures/T_CampFir_TrunkA_N,art_source/TASK-004/polyhaven/,SOURCE_FAMILY_CANDIDATE,CC0_SOURCE_RECORDED_PACKAGE_PAIRING_PENDING,EXACT_SOURCE_PAIR_AND_OWNER_VISUAL_PENDING,READ,"[""Texture2D""]","[""READ""]","[{""project_relative_source"":""art_source/TASK-004/polyhaven/树木/冷杉树/textures/fir_tree_01_trunk_a_nor_gl_4k.png"",""state"":""PRESENT"",""bytes"":61940498}]",IMPORTED_PROJECT_SOURCE_PRESENT,WITHIN_OR_EQUAL_TO_STATIC_CANDIDATE,[],NO_SOURCE_EVIDENCE_WITHIN_SELECTED_DIRECT_DEPENDENCIES,READ,1,READ,1,[],0,NOT_EVALUATED,docs/qa/TASK-094/registry-sources-20261007-01/asset-sources.json
ue:/Game/Hearthward/Assets/NaturalWorld/Rebuild/Textures/T_CampFir_TrunkA_R,/Game/Hearthward/Assets/NaturalWorld/Rebuild/Textures/T_CampFir_TrunkA_R,art_source/TASK-004/polyhaven/,SOURCE_FAMILY_CANDIDATE,CC0_SOURCE_RECORDED_PACKAGE_PAIRING_PENDING,EXACT_SOURCE_PAIR_AND_OWNER_VISUAL_PENDING,READ,"[""Texture2D""]","[""READ""]","[{""project_relative_source"":""art_source/TASK-004/polyhaven/树木/冷杉树/textures/fir_tree_01_trunk_a_rough_4k.png"",""state"":""PRESENT"",""bytes"":19137294}]",IMPORTED_PROJECT_SOURCE_PRESENT,WITHIN_OR_EQUAL_TO_STATIC_CANDIDATE,[],NO_SOURCE_EVIDENCE_WITHIN_SELECTED_DIRECT_DEPENDENCIES,READ,1,READ,1,[],0,NOT_EVALUATED,docs/qa/TASK-094/registry-sources-20261007-01/asset-sources.json
ue:/Game/Hearthward/Assets/NaturalWorld/Rebuild/Textures/T_CampFir_TrunkC_D,/Game/Hearthward/Assets/NaturalWorld/Rebuild/Textures/T_CampFir_TrunkC_D,art_source/TASK-004/polyhaven/,SOURCE_FAMILY_CANDIDATE,CC0_SOURCE_RECORDED_PACKAGE_PAIRING_PENDING,EXACT_SOURCE_PAIR_AND_OWNER_VISUAL_PENDING,READ,"[""Texture2D""]","[""READ""]","[{""project_relative_source"":""art_source/TASK-004/polyhaven/树木/冷杉树/textures/fir_tree_01_trunk_c_diff_4k.png"",""state"":""PRESENT"",""bytes"":67200895}]",IMPORTED_PROJECT_SOURCE_PRESENT,WITHIN_OR_EQUAL_TO_STATIC_CANDIDATE,[],NO_SOURCE_EVIDENCE_WITHIN_SELECTED_DIRECT_DEPENDENCIES,READ,1,READ,1,[],0,NOT_EVALUATED,docs/qa/TASK-094/registry-sources-20261007-01/asset-sources.json
ue:/Game/Hearthward/Assets/NaturalWorld/Rebuild/Textures/T_CampFir_TrunkC_N,/Game/Hearthward/Assets/NaturalWorld/Rebuild/Textures/T_CampFir_TrunkC_N,art_source/TASK-004/polyhaven/,SOURCE_FAMILY_CANDIDATE,CC0_SOURCE_RECORDED_PACKAGE_PAIRING_PENDING,EXACT_SOURCE_PAIR_AND_OWNER_VISUAL_PENDING,READ,"[""Texture2D""]","[""READ""]","[{""project_relative_source"":""art_source/TASK-004/polyhaven/树木/冷杉树/textures/fir_tree_01_trunk_c_nor_gl_4k.png"",""state"":""PRESENT"",""bytes"":64155396}]",IMPORTED_PROJECT_SOURCE_PRESENT,WITHIN_OR_EQUAL_TO_STATIC_CANDIDATE,[],NO_SOURCE_EVIDENCE_WITHIN_SELECTED_DIRECT_DEPENDENCIES,READ,1,READ,1,[],0,NOT_EVALUATED,docs/qa/TASK-094/registry-sources-20261007-01/asset-sources.json
ue:/Game/Hearthward/Assets/NaturalWorld/Rebuild/Textures/T_CampFir_TrunkC_R,/Game/Hearthward/Assets/NaturalWorld/Rebuild/Textures/T_CampFir_TrunkC_R,art_source/TASK-004/polyhaven/,SOURCE_FAMILY_CANDIDATE,CC0_SOURCE_RECORDED_PACKAGE_PAIRING_PENDING,EXACT_SOURCE_PAIR_AND_OWNER_VISUAL_PENDING,READ,"[""Texture2D""]","[""READ""]","[{""project_relative_source"":""art_source/TASK-004/polyhaven/树木/冷杉树/textures/fir_tree_01_trunk_c_rough_4k.png"",""state"":""PRESENT"",""bytes"":20479160}]",IMPORTED_PROJECT_SOURCE_PRESENT,WITHIN_OR_EQUAL_TO_STATIC_CANDIDATE,[],NO_SOURCE_EVIDENCE_WITHIN_SELECTED_DIRECT_DEPENDENCIES,READ,1,READ,1,[],0,NOT_EVALUATED,docs/qa/TASK-094/registry-sources-20261007-01/asset-sources.json
ue:/Game/Hearthward/Assets/NaturalWorld/Rebuild/Textures/T_CampFir_Twig_A,/Game/Hearthward/Assets/NaturalWorld/Rebuild/Textures/T_CampFir_Twig_A,art_source/TASK-004/polyhaven/,SOURCE_FAMILY_CANDIDATE,CC0_SOURCE_RECORDED_PACKAGE_PAIRING_PENDING,EXACT_SOURCE_PAIR_AND_OWNER_VISUAL_PENDING,READ,"[""Texture2D""]","[""READ""]","[{""project_relative_source"":""art_source/TASK-004/polyhaven/树木/冷杉树/textures/fir_tree_01_twig_alpha_4k.png"",""state"":""PRESENT"",""bytes"":2582047}]",IMPORTED_PROJECT_SOURCE_PRESENT,WITHIN_OR_EQUAL_TO_STATIC_CANDIDATE,[],NO_SOURCE_EVIDENCE_WITHIN_SELECTED_DIRECT_DEPENDENCIES,READ,1,READ,1,[],0,NOT_EVALUATED,docs/qa/TASK-094/registry-sources-20261007-01/asset-sources.json
ue:/Game/Hearthward/Assets/NaturalWorld/Rebuild/Textures/T_CampFir_Twig_D,/Game/Hearthward/Assets/NaturalWorld/Rebuild/Textures/T_CampFir_Twig_D,art_source/TASK-004/polyhaven/,SOURCE_FAMILY_CANDIDATE,CC0_SOURCE_RECORDED_PACKAGE_PAIRING_PENDING,EXACT_SOURCE_PAIR_AND_OWNER_VISUAL_PENDING,READ,"[""Texture2D""]","[""READ""]","[{""project_relative_source"":""art_source/TASK-004/polyhaven/树木/冷杉树/textures/fir_tree_01_twig_diff_4k.png"",""state"":""PRESENT"",""bytes"":38134662}]",IMPORTED_PROJECT_SOURCE_PRESENT,WITHIN_OR_EQUAL_TO_STATIC_CANDIDATE,[],NO_SOURCE_EVIDENCE_WITHIN_SELECTED_DIRECT_DEPENDENCIES,READ,1,READ,1,[],0,NOT_EVALUATED,docs/qa/TASK-094/registry-sources-20261007-01/asset-sources.json
ue:/Game/Hearthward/Assets/NaturalWorld/Rebuild/Textures/T_CampFir_Twig_N,/Game/Hearthward/Assets/NaturalWorld/Rebuild/Textures/T_CampFir_Twig_N,art_source/TASK-004/polyhaven/,SOURCE_FAMILY_CANDIDATE,CC0_SOURCE_RECORDED_PACKAGE_PAIRING_PENDING,EXACT_SOURCE_PAIR_AND_OWNER_VISUAL_PENDING,READ,"[""Texture2D""]","[""READ""]","[{""project_relative_source"":""art_source/TASK-004/polyhaven/树木/冷杉树/textures/fir_tree_01_twig_nor_gl_4k.png"",""state"":""PRESENT"",""bytes"":15641830}]",IMPORTED_PROJECT_SOURCE_PRESENT,WITHIN_OR_EQUAL_TO_STATIC_CANDIDATE,[],NO_SOURCE_EVIDENCE_WITHIN_SELECTED_DIRECT_DEPENDENCIES,READ,1,READ,1,[],0,NOT_EVALUATED,docs/qa/TASK-094/registry-sources-20261007-01/asset-sources.json
ue:/Game/Hearthward/Assets/NaturalWorld/Rebuild/Textures/T_CampFir_Twig_R,/Game/Hearthward/Assets/NaturalWorld/Rebuild/Textures/T_CampFir_Twig_R,art_source/TASK-004/polyhaven/,SOURCE_FAMILY_CANDIDATE,CC0_SOURCE_RECORDED_PACKAGE_PAIRING_PENDING,EXACT_SOURCE_PAIR_AND_OWNER_VISUAL_PENDING,READ,"[""Texture2D""]","[""READ""]","[{""project_relative_source"":""art_source/TASK-004/polyhaven/树木/冷杉树/textures/fir_tree_01_twig_rough_4k.png"",""state"":""PRESENT"",""bytes"":11721999}]",IMPORTED_PROJECT_SOURCE_PRESENT,WITHIN_OR_EQUAL_TO_STATIC_CANDIDATE,[],NO_SOURCE_EVIDENCE_WITHIN_SELECTED_DIRECT_DEPENDENCIES,READ,1,READ,1,[],0,NOT_EVALUATED,docs/qa/TASK-094/registry-sources-20261007-01/asset-sources.json
ue:/Game/Hearthward/Assets/NaturalWorld/Rebuild/Textures/T_CampPine_Bark_D,/Game/Hearthward/Assets/NaturalWorld/Rebuild/Textures/T_CampPine_Bark_D,art_source/TASK-004/polyhaven/,SOURCE_FAMILY_CANDIDATE,CC0_SOURCE_RECORDED_PACKAGE_PAIRING_PENDING,EXACT_SOURCE_PAIR_AND_OWNER_VISUAL_PENDING,READ,"[""Texture2D""]","[""READ""]","[{""project_relative_source"":""art_source/TASK-004/polyhaven/树木/松树/textures/pine_tree_01_bark_diff_4k.png"",""state"":""PRESENT"",""bytes"":83504453}]",IMPORTED_PROJECT_SOURCE_PRESENT,WITHIN_OR_EQUAL_TO_STATIC_CANDIDATE,[],NO_SOURCE_EVIDENCE_WITHIN_SELECTED_DIRECT_DEPENDENCIES,READ,1,READ,1,[],0,NOT_EVALUATED,docs/qa/TASK-094/registry-sources-20261007-01/asset-sources.json
ue:/Game/Hearthward/Assets/NaturalWorld/Rebuild/Textures/T_CampPine_Bark_N,/Game/Hearthward/Assets/NaturalWorld/Rebuild/Textures/T_CampPine_Bark_N,art_source/TASK-004/polyhaven/,SOURCE_FAMILY_CANDIDATE,CC0_SOURCE_RECORDED_PACKAGE_PAIRING_PENDING,EXACT_SOURCE_PAIR_AND_OWNER_VISUAL_PENDING,READ,"[""Texture2D""]","[""READ""]","[{""project_relative_source"":""art_source/TASK-004/polyhaven/树木/松树/textures/pine_tree_01_bark_nor_gl_4k.png"",""state"":""PRESENT"",""bytes"":82730338}]",IMPORTED_PROJECT_SOURCE_PRESENT,WITHIN_OR_EQUAL_TO_STATIC_CANDIDATE,[],NO_SOURCE_EVIDENCE_WITHIN_SELECTED_DIRECT_DEPENDENCIES,READ,1,READ,1,[],0,NOT_EVALUATED,docs/qa/TASK-094/registry-sources-20261007-01/asset-sources.json
ue:/Game/Hearthward/Assets/NaturalWorld/Rebuild/Textures/T_CampPine_Bark_R,/Game/Hearthward/Assets/NaturalWorld/Rebuild/Textures/T_CampPine_Bark_R,art_source/TASK-004/polyhaven/,SOURCE_FAMILY_CANDIDATE,CC0_SOURCE_RECORDED_PACKAGE_PAIRING_PENDING,EXACT_SOURCE_PAIR_AND_OWNER_VISUAL_PENDING,READ,"[""Texture2D""]","[""READ""]","[{""project_relative_source"":""art_source/TASK-004/polyhaven/树木/松树/textures/pine_tree_01_bark_rough_4k.png"",""state"":""PRESENT"",""bytes"":37868908}]",IMPORTED_PROJECT_SOURCE_PRESENT,WITHIN_OR_EQUAL_TO_STATIC_CANDIDATE,[],NO_SOURCE_EVIDENCE_WITHIN_SELECTED_DIRECT_DEPENDENCIES,READ,1,READ,1,[],0,NOT_EVALUATED,docs/qa/TASK-094/registry-sources-20261007-01/asset-sources.json
ue:/Game/Hearthward/Assets/NaturalWorld/Rebuild/Textures/T_CampPine_TrunkA_D,/Game/Hearthward/Assets/NaturalWorld/Rebuild/Textures/T_CampPine_TrunkA_D,art_source/TASK-004/polyhaven/,SOURCE_FAMILY_CANDIDATE,CC0_SOURCE_RECORDED_PACKAGE_PAIRING_PENDING,EXACT_SOURCE_PAIR_AND_OWNER_VISUAL_PENDING,READ,"[""Texture2D""]","[""READ""]","[{""project_relative_source"":""art_source/TASK-004/polyhaven/树木/松树/textures/pine_tree_01_trunk_a_diff_4k.png"",""state"":""PRESENT"",""bytes"":65401320}]",IMPORTED_PROJECT_SOURCE_PRESENT,WITHIN_OR_EQUAL_TO_STATIC_CANDIDATE,[],NO_SOURCE_EVIDENCE_WITHIN_SELECTED_DIRECT_DEPENDENCIES,READ,1,READ,1,[],0,NOT_EVALUATED,docs/qa/TASK-094/registry-sources-20261007-01/asset-sources.json
ue:/Game/Hearthward/Assets/NaturalWorld/Rebuild/Textures/T_CampPine_TrunkA_N,/Game/Hearthward/Assets/NaturalWorld/Rebuild/Textures/T_CampPine_TrunkA_N,art_source/TASK-004/polyhaven/,SOURCE_FAMILY_CANDIDATE,CC0_SOURCE_RECORDED_PACKAGE_PAIRING_PENDING,EXACT_SOURCE_PAIR_AND_OWNER_VISUAL_PENDING,READ,"[""Texture2D""]","[""READ""]","[{""project_relative_source"":""art_source/TASK-004/polyhaven/树木/松树/textures/pine_tree_01_trunk_a_nor_gl_4k.png"",""state"":""PRESENT"",""bytes"":61940498}]",IMPORTED_PROJECT_SOURCE_PRESENT,WITHIN_OR_EQUAL_TO_STATIC_CANDIDATE,[],NO_SOURCE_EVIDENCE_WITHIN_SELECTED_DIRECT_DEPENDENCIES,READ,1,READ,1,[],0,NOT_EVALUATED,docs/qa/TASK-094/registry-sources-20261007-01/asset-sources.json
ue:/Game/Hearthward/Assets/NaturalWorld/Rebuild/Textures/T_CampPine_TrunkA_R,/Game/Hearthward/Assets/NaturalWorld/Rebuild/Textures/T_CampPine_TrunkA_R,art_source/TASK-004/polyhaven/,SOURCE_FAMILY_CANDIDATE,CC0_SOURCE_RECORDED_PACKAGE_PAIRING_PENDING,EXACT_SOURCE_PAIR_AND_OWNER_VISUAL_PENDING,READ,"[""Texture2D""]","[""READ""]","[{""project_relative_source"":""art_source/TASK-004/polyhaven/树木/松树/textures/pine_tree_01_trunk_a_rough_4k.png"",""state"":""PRESENT"",""bytes"":19137294}]",IMPORTED_PROJECT_SOURCE_PRESENT,WITHIN_OR_EQUAL_TO_STATIC_CANDIDATE,[],NO_SOURCE_EVIDENCE_WITHIN_SELECTED_DIRECT_DEPENDENCIES,READ,1,READ,1,[],0,NOT_EVALUATED,docs/qa/TASK-094/registry-sources-20261007-01/asset-sources.json
ue:/Game/Hearthward/Assets/NaturalWorld/Rebuild/Textures/T_CampPine_TrunkC_D,/Game/Hearthward/Assets/NaturalWorld/Rebuild/Textures/T_CampPine_TrunkC_D,art_source/TASK-004/polyhaven/,SOURCE_FAMILY_CANDIDATE,CC0_SOURCE_RECORDED_PACKAGE_PAIRING_PENDING,EXACT_SOURCE_PAIR_AND_OWNER_VISUAL_PENDING,READ,"[""Texture2D""]","[""READ""]","[{""project_relative_source"":""art_source/TASK-004/polyhaven/树木/松树/textures/pine_tree_01_trunk_c_diff_4k.png"",""state"":""PRESENT"",""bytes"":67200895}]",IMPORTED_PROJECT_SOURCE_PRESENT,WITHIN_OR_EQUAL_TO_STATIC_CANDIDATE,[],NO_SOURCE_EVIDENCE_WITHIN_SELECTED_DIRECT_DEPENDENCIES,READ,1,READ,1,[],0,NOT_EVALUATED,docs/qa/TASK-094/registry-sources-20261007-01/asset-sources.json
ue:/Game/Hearthward/Assets/NaturalWorld/Rebuild/Textures/T_CampPine_TrunkC_N,/Game/Hearthward/Assets/NaturalWorld/Rebuild/Textures/T_CampPine_TrunkC_N,art_source/TASK-004/polyhaven/,SOURCE_FAMILY_CANDIDATE,CC0_SOURCE_RECORDED_PACKAGE_PAIRING_PENDING,EXACT_SOURCE_PAIR_AND_OWNER_VISUAL_PENDING,READ,"[""Texture2D""]","[""READ""]","[{""project_relative_source"":""art_source/TASK-004/polyhaven/树木/松树/textures/pine_tree_01_trunk_c_nor_gl_4k.png"",""state"":""PRESENT"",""bytes"":64155396}]",IMPORTED_PROJECT_SOURCE_PRESENT,WITHIN_OR_EQUAL_TO_STATIC_CANDIDATE,[],NO_SOURCE_EVIDENCE_WITHIN_SELECTED_DIRECT_DEPENDENCIES,READ,1,READ,1,[],0,NOT_EVALUATED,docs/qa/TASK-094/registry-sources-20261007-01/asset-sources.json
ue:/Game/Hearthward/Assets/NaturalWorld/Rebuild/Textures/T_CampPine_TrunkC_R,/Game/Hearthward/Assets/NaturalWorld/Rebuild/Textures/T_CampPine_TrunkC_R,art_source/TASK-004/polyhaven/,SOURCE_FAMILY_CANDIDATE,CC0_SOURCE_RECORDED_PACKAGE_PAIRING_PENDING,EXACT_SOURCE_PAIR_AND_OWNER_VISUAL_PENDING,READ,"[""Texture2D""]","[""READ""]","[{""project_relative_source"":""art_source/TASK-004/polyhaven/树木/松树/textures/pine_tree_01_trunk_c_rough_4k.png"",""state"":""PRESENT"",""bytes"":20479160}]",IMPORTED_PROJECT_SOURCE_PRESENT,WITHIN_OR_EQUAL_TO_STATIC_CANDIDATE,[],NO_SOURCE_EVIDENCE_WITHIN_SELECTED_DIRECT_DEPENDENCIES,READ,1,READ,1,[],0,NOT_EVALUATED,docs/qa/TASK-094/registry-sources-20261007-01/asset-sources.json
ue:/Game/Hearthward/Assets/NaturalWorld/Rebuild/Textures/T_CampPine_Twig_A,/Game/Hearthward/Assets/NaturalWorld/Rebuild/Textures/T_CampPine_Twig_A,art_source/TASK-004/polyhaven/,SOURCE_FAMILY_CANDIDATE,CC0_SOURCE_RECORDED_PACKAGE_PAIRING_PENDING,EXACT_SOURCE_PAIR_AND_OWNER_VISUAL_PENDING,READ,"[""Texture2D""]","[""READ""]","[{""project_relative_source"":""art_source/TASK-004/polyhaven/树木/松树/textures/pine_tree_01_twig_alpha_4k.png"",""state"":""PRESENT"",""bytes"":1915879}]",IMPORTED_PROJECT_SOURCE_PRESENT,WITHIN_OR_EQUAL_TO_STATIC_CANDIDATE,[],NO_SOURCE_EVIDENCE_WITHIN_SELECTED_DIRECT_DEPENDENCIES,READ,1,READ,1,[],0,NOT_EVALUATED,docs/qa/TASK-094/registry-sources-20261007-01/asset-sources.json
ue:/Game/Hearthward/Assets/NaturalWorld/Rebuild/Textures/T_CampPine_Twig_D,/Game/Hearthward/Assets/NaturalWorld/Rebuild/Textures/T_CampPine_Twig_D,art_source/TASK-004/polyhaven/,SOURCE_FAMILY_CANDIDATE,CC0_SOURCE_RECORDED_PACKAGE_PAIRING_PENDING,EXACT_SOURCE_PAIR_AND_OWNER_VISUAL_PENDING,READ,"[""Texture2D""]","[""READ""]","[{""project_relative_source"":""art_source/TASK-004/polyhaven/树木/松树/textures/pine_tree_01_twig_diff_4k.png"",""state"":""PRESENT"",""bytes"":33215263}]",IMPORTED_PROJECT_SOURCE_PRESENT,WITHIN_OR_EQUAL_TO_STATIC_CANDIDATE,[],NO_SOURCE_EVIDENCE_WITHIN_SELECTED_DIRECT_DEPENDENCIES,READ,1,READ,1,[],0,NOT_EVALUATED,docs/qa/TASK-094/registry-sources-20261007-01/asset-sources.json
ue:/Game/Hearthward/Assets/NaturalWorld/Rebuild/Textures/T_CampPine_Twig_N,/Game/Hearthward/Assets/NaturalWorld/Rebuild/Textures/T_CampPine_Twig_N,art_source/TASK-004/polyhaven/,SOURCE_FAMILY_CANDIDATE,CC0_SOURCE_RECORDED_PACKAGE_PAIRING_PENDING,EXACT_SOURCE_PAIR_AND_OWNER_VISUAL_PENDING,READ,"[""Texture2D""]","[""READ""]","[{""project_relative_source"":""art_source/TASK-004/polyhaven/树木/松树/textures/pine_tree_01_twig_nor_gl_4k.png"",""state"":""PRESENT"",""bytes"":28316682}]",IMPORTED_PROJECT_SOURCE_PRESENT,WITHIN_OR_EQUAL_TO_STATIC_CANDIDATE,[],NO_SOURCE_EVIDENCE_WITHIN_SELECTED_DIRECT_DEPENDENCIES,READ,1,READ,1,[],0,NOT_EVALUATED,docs/qa/TASK-094/registry-sources-20261007-01/asset-sources.json
ue:/Game/Hearthward/Assets/NaturalWorld/Rebuild/Textures/T_CampPine_Twig_R,/Game/Hearthward/Assets/NaturalWorld/Rebuild/Textures/T_CampPine_Twig_R,art_source/TASK-004/polyhaven/,SOURCE_FAMILY_CANDIDATE,CC0_SOURCE_RECORDED_PACKAGE_PAIRING_PENDING,EXACT_SOURCE_PAIR_AND_OWNER_VISUAL_PENDING,READ,"[""Texture2D""]","[""READ""]","[{""project_relative_source"":""art_source/TASK-004/polyhaven/树木/松树/textures/pine_tree_01_twig_rough_4k.png"",""state"":""PRESENT"",""bytes"":11821380}]",IMPORTED_PROJECT_SOURCE_PRESENT,WITHIN_OR_EQUAL_TO_STATIC_CANDIDATE,[],NO_SOURCE_EVIDENCE_WITHIN_SELECTED_DIRECT_DEPENDENCIES,READ,1,READ,1,[],0,NOT_EVALUATED,docs/qa/TASK-094/registry-sources-20261007-01/asset-sources.json
ue:/Game/Hearthward/Assets/NaturalWorld/Rebuild/Textures/T_Cliff_D,/Game/Hearthward/Assets/NaturalWorld/Rebuild/Textures/T_Cliff_D,art_source/TASK-026/Rebuild/,SOURCE_FAMILY_CANDIDATE,UNKNOWN,SOURCE_OR_LICENCE_UNKNOWN,READ,"[""Texture2D""]","[""READ""]","[{""project_relative_source"":""art_source/TASK-026/Rebuild/polyhaven/rock_3/rock_3_diff_2k.jpg"",""state"":""PRESENT"",""bytes"":3274198}]",IMPORTED_PROJECT_SOURCE_PRESENT,WITHIN_OR_EQUAL_TO_STATIC_CANDIDATE,[],NO_SOURCE_EVIDENCE_WITHIN_SELECTED_DIRECT_DEPENDENCIES,READ,1,READ,1,[],0,NOT_EVALUATED,docs/qa/TASK-094/registry-sources-20261007-01/asset-sources.json
ue:/Game/Hearthward/Assets/NaturalWorld/Rebuild/Textures/T_Cliff_N,/Game/Hearthward/Assets/NaturalWorld/Rebuild/Textures/T_Cliff_N,art_source/TASK-026/Rebuild/,SOURCE_FAMILY_CANDIDATE,UNKNOWN,SOURCE_OR_LICENCE_UNKNOWN,READ,"[""Texture2D""]","[""READ""]","[{""project_relative_source"":""art_source/TASK-026/Rebuild/polyhaven/rock_3/rock_3_nor_gl_2k.png"",""state"":""PRESENT"",""bytes"":8784332}]",IMPORTED_PROJECT_SOURCE_PRESENT,WITHIN_OR_EQUAL_TO_STATIC_CANDIDATE,[],NO_SOURCE_EVIDENCE_WITHIN_SELECTED_DIRECT_DEPENDENCIES,READ,1,READ,0,[],0,NOT_EVALUATED,docs/qa/TASK-094/registry-sources-20261007-01/asset-sources.json
ue:/Game/Hearthward/Assets/NaturalWorld/Rebuild/Textures/T_GrassCard_A,/Game/Hearthward/Assets/NaturalWorld/Rebuild/Textures/T_GrassCard_A,art_source/TASK-026/Rebuild/,SOURCE_FAMILY_CANDIDATE,UNKNOWN,SOURCE_OR_LICENCE_UNKNOWN,READ,"[""Texture2D""]","[""READ""]","[{""project_relative_source"":""art_source/TASK-004/polyhaven/草/草2/textures/grass_medium_01_alpha_4k.png"",""state"":""PRESENT"",""bytes"":3285653}]",IMPORTED_PROJECT_SOURCE_PRESENT,ACTUAL_IMPORT_PATH_DIFFERS_FROM_STATIC_CANDIDATE,[],NO_SOURCE_EVIDENCE_WITHIN_SELECTED_DIRECT_DEPENDENCIES,READ,1,READ,2,[],0,NOT_EVALUATED,docs/qa/TASK-094/registry-sources-20261007-01/asset-sources.json
ue:/Game/Hearthward/Assets/NaturalWorld/Rebuild/Textures/T_GrassCard_D,/Game/Hearthward/Assets/NaturalWorld/Rebuild/Textures/T_GrassCard_D,art_source/TASK-026/Rebuild/,SOURCE_FAMILY_CANDIDATE,UNKNOWN,SOURCE_OR_LICENCE_UNKNOWN,READ,"[""Texture2D""]","[""READ""]","[{""project_relative_source"":""art_source/TASK-004/polyhaven/草/草2/textures/grass_medium_01_diff_4k.jpg"",""state"":""PRESENT"",""bytes"":3505106}]",IMPORTED_PROJECT_SOURCE_PRESENT,ACTUAL_IMPORT_PATH_DIFFERS_FROM_STATIC_CANDIDATE,[],NO_SOURCE_EVIDENCE_WITHIN_SELECTED_DIRECT_DEPENDENCIES,READ,1,READ,2,[],0,NOT_EVALUATED,docs/qa/TASK-094/registry-sources-20261007-01/asset-sources.json
ue:/Game/Hearthward/Assets/NaturalWorld/Rebuild/Textures/T_GrassDensity,/Game/Hearthward/Assets/NaturalWorld/Rebuild/Textures/T_GrassDensity,art_source/TASK-026/Rebuild/,SOURCE_FAMILY_CANDIDATE,UNKNOWN,SOURCE_OR_LICENCE_UNKNOWN,READ,"[""Texture2D""]","[""READ""]","[{""project_relative_source"":""art_source/TASK-026/Rebuild/grass_density.png"",""state"":""PRESENT"",""bytes"":1039117}]",IMPORTED_PROJECT_SOURCE_PRESENT,WITHIN_OR_EQUAL_TO_STATIC_CANDIDATE,[],NO_SOURCE_EVIDENCE_WITHIN_SELECTED_DIRECT_DEPENDENCIES,READ,1,READ,1,[],0,NOT_EVALUATED,docs/qa/TASK-094/registry-sources-20261007-01/asset-sources.json
ue:/Game/Hearthward/Assets/NaturalWorld/Rebuild/Textures/T_Grass_D,/Game/Hearthward/Assets/NaturalWorld/Rebuild/Textures/T_Grass_D,art_source/TASK-026/Rebuild/,SOURCE_FAMILY_CANDIDATE,UNKNOWN,SOURCE_OR_LICENCE_UNKNOWN,READ,"[""Texture2D""]","[""READ""]","[{""project_relative_source"":""art_source/TASK-004/polyhaven/地表/草地/textures/grass_ground_diff_4k.jpg"",""state"":""PRESENT"",""bytes"":15545899}]",IMPORTED_PROJECT_SOURCE_PRESENT,ACTUAL_IMPORT_PATH_DIFFERS_FROM_STATIC_CANDIDATE,[],NO_SOURCE_EVIDENCE_WITHIN_SELECTED_DIRECT_DEPENDENCIES,READ,1,READ,1,[],0,NOT_EVALUATED,docs/qa/TASK-094/registry-sources-20261007-01/asset-sources.json
ue:/Game/Hearthward/Assets/NaturalWorld/Rebuild/Textures/T_Grass_N,/Game/Hearthward/Assets/NaturalWorld/Rebuild/Textures/T_Grass_N,art_source/TASK-026/Rebuild/,SOURCE_FAMILY_CANDIDATE,UNKNOWN,SOURCE_OR_LICENCE_UNKNOWN,READ,"[""Texture2D""]","[""READ""]","[{""project_relative_source"":""art_source/TASK-004/polyhaven/地表/草地/textures/grass_ground_nor_gl_4k.exr"",""state"":""PRESENT"",""bytes"":44622623}]",IMPORTED_PROJECT_SOURCE_PRESENT,ACTUAL_IMPORT_PATH_DIFFERS_FROM_STATIC_CANDIDATE,[],NO_SOURCE_EVIDENCE_WITHIN_SELECTED_DIRECT_DEPENDENCIES,READ,1,READ,1,[],0,NOT_EVALUATED,docs/qa/TASK-094/registry-sources-20261007-01/asset-sources.json
ue:/Game/Hearthward/Assets/NaturalWorld/Rebuild/Textures/T_HeightRG,/Game/Hearthward/Assets/NaturalWorld/Rebuild/Textures/T_HeightRG,art_source/TASK-026/Rebuild/,SOURCE_FAMILY_CANDIDATE,UNKNOWN,SOURCE_OR_LICENCE_UNKNOWN,READ,"[""Texture2D""]","[""READ""]","[{""project_relative_source"":""art_source/TASK-026/Rebuild/height_rg.png"",""state"":""PRESENT"",""bytes"":3432455}]",IMPORTED_PROJECT_SOURCE_PRESENT,WITHIN_OR_EQUAL_TO_STATIC_CANDIDATE,[],NO_SOURCE_EVIDENCE_WITHIN_SELECTED_DIRECT_DEPENDENCIES,READ,1,READ,1,[],0,NOT_EVALUATED,docs/qa/TASK-094/registry-sources-20261007-01/asset-sources.json
ue:/Game/Hearthward/Assets/NaturalWorld/Rebuild/Textures/T_RockScan_D,/Game/Hearthward/Assets/NaturalWorld/Rebuild/Textures/T_RockScan_D,art_source/TASK-004/sketchfab/岩石/中岩石/textures/d_m.jpg,SOURCE_FAMILY_CANDIDATE,UNKNOWN_ORIGINAL_AUTHOR_URL_PER_ASSET_TERMS,SKETCHFAB_PROVENANCE_UNKNOWN,READ,"[""Texture2D""]","[""READ""]","[{""project_relative_source"":""art_source/TASK-004/sketchfab/岩石/中岩石/textures/d_m.jpg"",""state"":""PRESENT"",""bytes"":631852}]",IMPORTED_PROJECT_SOURCE_PRESENT,WITHIN_OR_EQUAL_TO_STATIC_CANDIDATE,[],NO_SOURCE_EVIDENCE_WITHIN_SELECTED_DIRECT_DEPENDENCIES,READ,1,READ,1,[],0,NOT_EVALUATED,docs/qa/TASK-094/registry-sources-20261007-01/asset-sources.json
ue:/Game/Hearthward/Assets/NaturalWorld/Rebuild/Textures/T_Rock_D,/Game/Hearthward/Assets/NaturalWorld/Rebuild/Textures/T_Rock_D,art_source/TASK-026/Rebuild/,SOURCE_FAMILY_CANDIDATE,UNKNOWN,SOURCE_OR_LICENCE_UNKNOWN,READ,"[""Texture2D""]","[""READ""]","[{""project_relative_source"":""art_source/TASK-004/polyhaven/地表/岩面/textures/rocky_terrain_diff_4k.jpg"",""state"":""PRESENT"",""bytes"":10752336}]",IMPORTED_PROJECT_SOURCE_PRESENT,ACTUAL_IMPORT_PATH_DIFFERS_FROM_STATIC_CANDIDATE,[],NO_SOURCE_EVIDENCE_WITHIN_SELECTED_DIRECT_DEPENDENCIES,READ,1,READ,0,[],0,NOT_EVALUATED,docs/qa/TASK-094/registry-sources-20261007-01/asset-sources.json
ue:/Game/Hearthward/Assets/NaturalWorld/Rebuild/Textures/T_Rock_N,/Game/Hearthward/Assets/NaturalWorld/Rebuild/Textures/T_Rock_N,art_source/TASK-026/Rebuild/,SOURCE_FAMILY_CANDIDATE,UNKNOWN,SOURCE_OR_LICENCE_UNKNOWN,READ,"[""Texture2D""]","[""READ""]","[{""project_relative_source"":""art_source/TASK-004/polyhaven/地表/岩面/textures/rocky_terrain_nor_gl_4k.exr"",""state"":""PRESENT"",""bytes"":31576239}]",IMPORTED_PROJECT_SOURCE_PRESENT,ACTUAL_IMPORT_PATH_DIFFERS_FROM_STATIC_CANDIDATE,[],NO_SOURCE_EVIDENCE_WITHIN_SELECTED_DIRECT_DEPENDENCIES,READ,1,READ,0,[],0,NOT_EVALUATED,docs/qa/TASK-094/registry-sources-20261007-01/asset-sources.json
ue:/Game/Hearthward/Assets/NaturalWorld/Rebuild/Textures/T_S1_Blend,/Game/Hearthward/Assets/NaturalWorld/Rebuild/Textures/T_S1_Blend,art_source/TASK-026/Rebuild/,SOURCE_FAMILY_CANDIDATE,UNKNOWN,SOURCE_OR_LICENCE_UNKNOWN,READ,"[""Texture2D""]","[""READ""]","[{""project_relative_source"":""art_source/TASK-026/Rebuild/ReworkV2/S1_Blend.png"",""state"":""PRESENT"",""bytes"":4651}]",IMPORTED_PROJECT_SOURCE_PRESENT,WITHIN_OR_EQUAL_TO_STATIC_CANDIDATE,[],NO_SOURCE_EVIDENCE_WITHIN_SELECTED_DIRECT_DEPENDENCIES,READ,1,READ,2,[],0,NOT_EVALUATED,docs/qa/TASK-094/registry-sources-20261007-01/asset-sources.json
ue:/Game/Hearthward/Assets/NaturalWorld/Rebuild/Textures/T_S1_GrassDensity,/Game/Hearthward/Assets/NaturalWorld/Rebuild/Textures/T_S1_GrassDensity,art_source/TASK-026/Rebuild/,SOURCE_FAMILY_CANDIDATE,UNKNOWN,SOURCE_OR_LICENCE_UNKNOWN,READ,"[""Texture2D""]","[""READ""]","[{""project_relative_source"":""art_source/TASK-026/Rebuild/ReworkV2/S1_GrassDensity_Detail.png"",""state"":""PRESENT"",""bytes"":37214}]",IMPORTED_PROJECT_SOURCE_PRESENT,WITHIN_OR_EQUAL_TO_STATIC_CANDIDATE,[],NO_SOURCE_EVIDENCE_WITHIN_SELECTED_DIRECT_DEPENDENCIES,READ,1,READ,1,[],0,NOT_EVALUATED,docs/qa/TASK-094/registry-sources-20261007-01/asset-sources.json
ue:/Game/Hearthward/Assets/NaturalWorld/Rebuild/Textures/T_S1_Island_branches_D,/Game/Hearthward/Assets/NaturalWorld/Rebuild/Textures/T_S1_Island_branches_D,art_source/TASK-004/polyhaven/,SOURCE_FAMILY_CANDIDATE,CC0_SOURCE_RECORDED_PACKAGE_PAIRING_PENDING,EXACT_SOURCE_PAIR_AND_OWNER_VISUAL_PENDING,READ,"[""Texture2D""]","[""READ""]","[{""project_relative_source"":""art_source/TASK-004/polyhaven/树木/岛树/textures/island_tree_02_branches_diff_4k.png"",""state"":""PRESENT"",""bytes"":72975406}]",IMPORTED_PROJECT_SOURCE_PRESENT,WITHIN_OR_EQUAL_TO_STATIC_CANDIDATE,[],NO_SOURCE_EVIDENCE_WITHIN_SELECTED_DIRECT_DEPENDENCIES,READ,1,READ,1,[],0,NOT_EVALUATED,docs/qa/TASK-094/registry-sources-20261007-01/asset-sources.json
ue:/Game/Hearthward/Assets/NaturalWorld/Rebuild/Textures/T_S1_Island_branches_N,/Game/Hearthward/Assets/NaturalWorld/Rebuild/Textures/T_S1_Island_branches_N,art_source/TASK-004/polyhaven/,SOURCE_FAMILY_CANDIDATE,CC0_SOURCE_RECORDED_PACKAGE_PAIRING_PENDING,EXACT_SOURCE_PAIR_AND_OWNER_VISUAL_PENDING,READ,"[""Texture2D""]","[""READ""]","[{""project_relative_source"":""art_source/TASK-004/polyhaven/树木/岛树/textures/island_tree_02_branches_nor_gl_4k.png"",""state"":""PRESENT"",""bytes"":78433352}]",IMPORTED_PROJECT_SOURCE_PRESENT,WITHIN_OR_EQUAL_TO_STATIC_CANDIDATE,[],NO_SOURCE_EVIDENCE_WITHIN_SELECTED_DIRECT_DEPENDENCIES,READ,1,READ,1,[],0,NOT_EVALUATED,docs/qa/TASK-094/registry-sources-20261007-01/asset-sources.json
ue:/Game/Hearthward/Assets/NaturalWorld/Rebuild/Textures/T_S1_Island_branches_R,/Game/Hearthward/Assets/NaturalWorld/Rebuild/Textures/T_S1_Island_branches_R,art_source/TASK-004/polyhaven/,SOURCE_FAMILY_CANDIDATE,CC0_SOURCE_RECORDED_PACKAGE_PAIRING_PENDING,EXACT_SOURCE_PAIR_AND_OWNER_VISUAL_PENDING,READ,"[""Texture2D""]","[""READ""]","[{""project_relative_source"":""art_source/TASK-004/polyhaven/树木/岛树/textures/island_tree_02_branches_rough_4k.png"",""state"":""PRESENT"",""bytes"":8430664}]",IMPORTED_PROJECT_SOURCE_PRESENT,WITHIN_OR_EQUAL_TO_STATIC_CANDIDATE,[],NO_SOURCE_EVIDENCE_WITHIN_SELECTED_DIRECT_DEPENDENCIES,READ,1,READ,1,[],0,NOT_EVALUATED,docs/qa/TASK-094/registry-sources-20261007-01/asset-sources.json
ue:/Game/Hearthward/Assets/NaturalWorld/Rebuild/Textures/T_S1_Island_leaves_A,/Game/Hearthward/Assets/NaturalWorld/Rebuild/Textures/T_S1_Island_leaves_A,art_source/TASK-004/polyhaven/,SOURCE_FAMILY_CANDIDATE,CC0_SOURCE_RECORDED_PACKAGE_PAIRING_PENDING,EXACT_SOURCE_PAIR_AND_OWNER_VISUAL_PENDING,READ,"[""Texture2D""]","[""READ""]","[{""project_relative_source"":""art_source/TASK-004/polyhaven/树木/岛树/textures/island_tree_02_leaves_alpha_4k.png"",""state"":""PRESENT"",""bytes"":355395}]",IMPORTED_PROJECT_SOURCE_PRESENT,WITHIN_OR_EQUAL_TO_STATIC_CANDIDATE,[],NO_SOURCE_EVIDENCE_WITHIN_SELECTED_DIRECT_DEPENDENCIES,READ,1,READ,1,[],0,NOT_EVALUATED,docs/qa/TASK-094/registry-sources-20261007-01/asset-sources.json
ue:/Game/Hearthward/Assets/NaturalWorld/Rebuild/Textures/T_S1_Island_leaves_D,/Game/Hearthward/Assets/NaturalWorld/Rebuild/Textures/T_S1_Island_leaves_D,art_source/TASK-004/polyhaven/,SOURCE_FAMILY_CANDIDATE,CC0_SOURCE_RECORDED_PACKAGE_PAIRING_PENDING,EXACT_SOURCE_PAIR_AND_OWNER_VISUAL_PENDING,READ,"[""Texture2D""]","[""READ""]","[{""project_relative_source"":""art_source/TASK-004/polyhaven/树木/岛树/textures/island_tree_02_leaves_diff_4k.png"",""state"":""PRESENT"",""bytes"":24594667}]",IMPORTED_PROJECT_SOURCE_PRESENT,WITHIN_OR_EQUAL_TO_STATIC_CANDIDATE,[],NO_SOURCE_EVIDENCE_WITHIN_SELECTED_DIRECT_DEPENDENCIES,READ,1,READ,1,[],0,NOT_EVALUATED,docs/qa/TASK-094/registry-sources-20261007-01/asset-sources.json
ue:/Game/Hearthward/Assets/NaturalWorld/Rebuild/Textures/T_S1_Island_leaves_N,/Game/Hearthward/Assets/NaturalWorld/Rebuild/Textures/T_S1_Island_leaves_N,art_source/TASK-004/polyhaven/,SOURCE_FAMILY_CANDIDATE,CC0_SOURCE_RECORDED_PACKAGE_PAIRING_PENDING,EXACT_SOURCE_PAIR_AND_OWNER_VISUAL_PENDING,READ,"[""Texture2D""]","[""READ""]","[{""project_relative_source"":""art_source/TASK-004/polyhaven/树木/岛树/textures/island_tree_02_leaves_nor_gl_4k.png"",""state"":""PRESENT"",""bytes"":33862226}]",IMPORTED_PROJECT_SOURCE_PRESENT,WITHIN_OR_EQUAL_TO_STATIC_CANDIDATE,[],NO_SOURCE_EVIDENCE_WITHIN_SELECTED_DIRECT_DEPENDENCIES,READ,1,READ,1,[],0,NOT_EVALUATED,docs/qa/TASK-094/registry-sources-20261007-01/asset-sources.json
ue:/Game/Hearthward/Assets/NaturalWorld/Rebuild/Textures/T_S1_Island_leaves_R,/Game/Hearthward/Assets/NaturalWorld/Rebuild/Textures/T_S1_Island_leaves_R,art_source/TASK-004/polyhaven/,SOURCE_FAMILY_CANDIDATE,CC0_SOURCE_RECORDED_PACKAGE_PAIRING_PENDING,EXACT_SOURCE_PAIR_AND_OWNER_VISUAL_PENDING,READ,"[""Texture2D""]","[""READ""]","[{""project_relative_source"":""art_source/TASK-004/polyhaven/树木/岛树/textures/island_tree_02_leaves_rough_4k.png"",""state"":""PRESENT"",""bytes"":8595028}]",IMPORTED_PROJECT_SOURCE_PRESENT,WITHIN_OR_EQUAL_TO_STATIC_CANDIDATE,[],NO_SOURCE_EVIDENCE_WITHIN_SELECTED_DIRECT_DEPENDENCIES,READ,1,READ,1,[],0,NOT_EVALUATED,docs/qa/TASK-094/registry-sources-20261007-01/asset-sources.json
ue:/Game/Hearthward/Assets/NaturalWorld/Rebuild/Textures/T_S1_Island_trunk_D,/Game/Hearthward/Assets/NaturalWorld/Rebuild/Textures/T_S1_Island_trunk_D,art_source/TASK-004/polyhaven/,SOURCE_FAMILY_CANDIDATE,CC0_SOURCE_RECORDED_PACKAGE_PAIRING_PENDING,EXACT_SOURCE_PAIR_AND_OWNER_VISUAL_PENDING,READ,"[""Texture2D""]","[""READ""]","[{""project_relative_source"":""art_source/TASK-004/polyhaven/树木/岛树/textures/island_tree_02_diff_4k.jpg"",""state"":""PRESENT"",""bytes"":8922944}]",IMPORTED_PROJECT_SOURCE_PRESENT,WITHIN_OR_EQUAL_TO_STATIC_CANDIDATE,[],NO_SOURCE_EVIDENCE_WITHIN_SELECTED_DIRECT_DEPENDENCIES,READ,1,READ,1,[],0,NOT_EVALUATED,docs/qa/TASK-094/registry-sources-20261007-01/asset-sources.json
ue:/Game/Hearthward/Assets/NaturalWorld/Rebuild/Textures/T_S1_Island_trunk_N,/Game/Hearthward/Assets/NaturalWorld/Rebuild/Textures/T_S1_Island_trunk_N,art_source/TASK-004/polyhaven/,SOURCE_FAMILY_CANDIDATE,CC0_SOURCE_RECORDED_PACKAGE_PAIRING_PENDING,EXACT_SOURCE_PAIR_AND_OWNER_VISUAL_PENDING,READ,"[""Texture2D""]","[""READ""]","[{""project_relative_source"":""art_source/TASK-004/polyhaven/树木/岛树/textures/island_tree_02_nor_gl_4k.exr"",""state"":""PRESENT"",""bytes"":29697661}]",IMPORTED_PROJECT_SOURCE_PRESENT,WITHIN_OR_EQUAL_TO_STATIC_CANDIDATE,[],NO_SOURCE_EVIDENCE_WITHIN_SELECTED_DIRECT_DEPENDENCIES,READ,1,READ,1,[],0,NOT_EVALUATED,docs/qa/TASK-094/registry-sources-20261007-01/asset-sources.json
ue:/Game/Hearthward/Assets/NaturalWorld/Rebuild/Textures/T_S1_Island_trunk_R,/Game/Hearthward/Assets/NaturalWorld/Rebuild/Textures/T_S1_Island_trunk_R,art_source/TASK-004/polyhaven/,SOURCE_FAMILY_CANDIDATE,CC0_SOURCE_RECORDED_PACKAGE_PAIRING_PENDING,EXACT_SOURCE_PAIR_AND_OWNER_VISUAL_PENDING,READ,"[""Texture2D""]","[""READ""]","[{""project_relative_source"":""art_source/TASK-004/polyhaven/树木/岛树/textures/island_tree_02_rough_4k.exr"",""state"":""PRESENT"",""bytes"":10135780}]",IMPORTED_PROJECT_SOURCE_PRESENT,WITHIN_OR_EQUAL_TO_STATIC_CANDIDATE,[],NO_SOURCE_EVIDENCE_WITHIN_SELECTED_DIRECT_DEPENDENCIES,READ,1,READ,1,[],0,NOT_EVALUATED,docs/qa/TASK-094/registry-sources-20261007-01/asset-sources.json
ue:/Game/Hearthward/Assets/NaturalWorld/Rebuild/Textures/T_S1_Surface,/Game/Hearthward/Assets/NaturalWorld/Rebuild/Textures/T_S1_Surface,art_source/TASK-026/Rebuild/,SOURCE_FAMILY_CANDIDATE,UNKNOWN,SOURCE_OR_LICENCE_UNKNOWN,READ,"[""Texture2D""]","[""READ""]","[{""project_relative_source"":""art_source/TASK-026/Rebuild/ReworkV2/S1_Surface_Detail.png"",""state"":""PRESENT"",""bytes"":132267}]",IMPORTED_PROJECT_SOURCE_PRESENT,WITHIN_OR_EQUAL_TO_STATIC_CANDIDATE,[],NO_SOURCE_EVIDENCE_WITHIN_SELECTED_DIRECT_DEPENDENCIES,READ,1,READ,1,[],0,NOT_EVALUATED,docs/qa/TASK-094/registry-sources-20261007-01/asset-sources.json
ue:/Game/Hearthward/Assets/NaturalWorld/Rebuild/Textures/T_Shrub_Alpha,/Game/Hearthward/Assets/NaturalWorld/Rebuild/Textures/T_Shrub_Alpha,art_source/TASK-004/polyhaven/,SOURCE_FAMILY_CANDIDATE,CC0_SOURCE_RECORDED_PACKAGE_PAIRING_PENDING,EXACT_SOURCE_PAIR_AND_OWNER_VISUAL_PENDING,READ,"[""Texture2D""]","[""READ""]","[{""project_relative_source"":""art_source/TASK-004/polyhaven/灌木/textures/shrub_01_alpha_4k.png"",""state"":""PRESENT"",""bytes"":606386}]",IMPORTED_PROJECT_SOURCE_PRESENT,WITHIN_OR_EQUAL_TO_STATIC_CANDIDATE,[],NO_SOURCE_EVIDENCE_WITHIN_SELECTED_DIRECT_DEPENDENCIES,READ,1,READ,1,[],0,NOT_EVALUATED,docs/qa/TASK-094/registry-sources-20261007-01/asset-sources.json
ue:/Game/Hearthward/Assets/NaturalWorld/Rebuild/Textures/T_Shrub_D,/Game/Hearthward/Assets/NaturalWorld/Rebuild/Textures/T_Shrub_D,art_source/TASK-004/polyhaven/,SOURCE_FAMILY_CANDIDATE,CC0_SOURCE_RECORDED_PACKAGE_PAIRING_PENDING,EXACT_SOURCE_PAIR_AND_OWNER_VISUAL_PENDING,READ,"[""Texture2D""]","[""READ""]","[{""project_relative_source"":""art_source/TASK-004/polyhaven/灌木/textures/shrub_01_diff_4k.jpg"",""state"":""PRESENT"",""bytes"":5311649}]",IMPORTED_PROJECT_SOURCE_PRESENT,WITHIN_OR_EQUAL_TO_STATIC_CANDIDATE,[],NO_SOURCE_EVIDENCE_WITHIN_SELECTED_DIRECT_DEPENDENCIES,READ,1,READ,1,[],0,NOT_EVALUATED,docs/qa/TASK-094/registry-sources-20261007-01/asset-sources.json
ue:/Game/Hearthward/Assets/NaturalWorld/Rebuild/Textures/T_Shrub_N,/Game/Hearthward/Assets/NaturalWorld/Rebuild/Textures/T_Shrub_N,art_source/TASK-004/polyhaven/,SOURCE_FAMILY_CANDIDATE,CC0_SOURCE_RECORDED_PACKAGE_PAIRING_PENDING,EXACT_SOURCE_PAIR_AND_OWNER_VISUAL_PENDING,READ,"[""Texture2D""]","[""READ""]","[{""project_relative_source"":""art_source/TASK-004/polyhaven/灌木/textures/shrub_01_nor_gl_4k.exr"",""state"":""PRESENT"",""bytes"":19330458}]",IMPORTED_PROJECT_SOURCE_PRESENT,WITHIN_OR_EQUAL_TO_STATIC_CANDIDATE,[],NO_SOURCE_EVIDENCE_WITHIN_SELECTED_DIRECT_DEPENDENCIES,READ,1,READ,1,[],0,NOT_EVALUATED,docs/qa/TASK-094/registry-sources-20261007-01/asset-sources.json
ue:/Game/Hearthward/Assets/NaturalWorld/Rebuild/Textures/T_Soil_D,/Game/Hearthward/Assets/NaturalWorld/Rebuild/Textures/T_Soil_D,art_source/TASK-026/Rebuild/,SOURCE_FAMILY_CANDIDATE,UNKNOWN,SOURCE_OR_LICENCE_UNKNOWN,READ,"[""Texture2D""]","[""READ""]","[{""project_relative_source"":""art_source/TASK-004/polyhaven/地表/土/textures/dirt_diff_4k.jpg"",""state"":""PRESENT"",""bytes"":12098794}]",IMPORTED_PROJECT_SOURCE_PRESENT,ACTUAL_IMPORT_PATH_DIFFERS_FROM_STATIC_CANDIDATE,[],NO_SOURCE_EVIDENCE_WITHIN_SELECTED_DIRECT_DEPENDENCIES,READ,1,READ,1,[],0,NOT_EVALUATED,docs/qa/TASK-094/registry-sources-20261007-01/asset-sources.json
ue:/Game/Hearthward/Assets/NaturalWorld/Rebuild/Textures/T_Soil_N,/Game/Hearthward/Assets/NaturalWorld/Rebuild/Textures/T_Soil_N,art_source/TASK-026/Rebuild/,SOURCE_FAMILY_CANDIDATE,UNKNOWN,SOURCE_OR_LICENCE_UNKNOWN,READ,"[""Texture2D""]","[""READ""]","[{""project_relative_source"":""art_source/TASK-004/polyhaven/地表/土/textures/dirt_nor_gl_4k.exr"",""state"":""PRESENT"",""bytes"":36004901}]",IMPORTED_PROJECT_SOURCE_PRESENT,ACTUAL_IMPORT_PATH_DIFFERS_FROM_STATIC_CANDIDATE,[],NO_SOURCE_EVIDENCE_WITHIN_SELECTED_DIRECT_DEPENDENCIES,READ,1,READ,1,[],0,NOT_EVALUATED,docs/qa/TASK-094/registry-sources-20261007-01/asset-sources.json
ue:/Game/Hearthward/Assets/NaturalWorld/Rebuild/Textures/T_Stump_D,/Game/Hearthward/Assets/NaturalWorld/Rebuild/Textures/T_Stump_D,art_source/TASK-004/polyhaven/,SOURCE_FAMILY_CANDIDATE,CC0_SOURCE_RECORDED_PACKAGE_PAIRING_PENDING,EXACT_SOURCE_PAIR_AND_OWNER_VISUAL_PENDING,READ,"[""Texture2D""]","[""READ""]","[{""project_relative_source"":""art_source/TASK-004/polyhaven/树桩/textures/tree_stump_01_diff_4k.jpg"",""state"":""PRESENT"",""bytes"":9987244}]",IMPORTED_PROJECT_SOURCE_PRESENT,WITHIN_OR_EQUAL_TO_STATIC_CANDIDATE,[],NO_SOURCE_EVIDENCE_WITHIN_SELECTED_DIRECT_DEPENDENCIES,READ,1,READ,1,[],0,NOT_EVALUATED,docs/qa/TASK-094/registry-sources-20261007-01/asset-sources.json
ue:/Game/Hearthward/Assets/NaturalWorld/Rebuild/Textures/T_Stump_N,/Game/Hearthward/Assets/NaturalWorld/Rebuild/Textures/T_Stump_N,art_source/TASK-004/polyhaven/,SOURCE_FAMILY_CANDIDATE,CC0_SOURCE_RECORDED_PACKAGE_PAIRING_PENDING,EXACT_SOURCE_PAIR_AND_OWNER_VISUAL_PENDING,READ,"[""Texture2D""]","[""READ""]","[{""project_relative_source"":""art_source/TASK-004/polyhaven/树桩/textures/tree_stump_01_nor_gl_4k.exr"",""state"":""PRESENT"",""bytes"":30857604}]",IMPORTED_PROJECT_SOURCE_PRESENT,WITHIN_OR_EQUAL_TO_STATIC_CANDIDATE,[],NO_SOURCE_EVIDENCE_WITHIN_SELECTED_DIRECT_DEPENDENCIES,READ,1,READ,1,[],0,NOT_EVALUATED,docs/qa/TASK-094/registry-sources-20261007-01/asset-sources.json
ue:/Game/Hearthward/Assets/NaturalWorld/Rebuild/Textures/T_Tree_branches_D,/Game/Hearthward/Assets/NaturalWorld/Rebuild/Textures/T_Tree_branches_D,art_source/TASK-004/polyhaven/,SOURCE_FAMILY_CANDIDATE,CC0_SOURCE_RECORDED_PACKAGE_PAIRING_PENDING,EXACT_SOURCE_PAIR_AND_OWNER_VISUAL_PENDING,READ,"[""Texture2D""]","[""READ""]","[{""project_relative_source"":""art_source/TASK-004/polyhaven/树木/蓝花楹树/textures/jacaranda_tree_branches_diff_4k.png"",""state"":""PRESENT"",""bytes"":63869458}]",IMPORTED_PROJECT_SOURCE_PRESENT,WITHIN_OR_EQUAL_TO_STATIC_CANDIDATE,[],NO_SOURCE_EVIDENCE_WITHIN_SELECTED_DIRECT_DEPENDENCIES,READ,1,READ,1,[],0,NOT_EVALUATED,docs/qa/TASK-094/registry-sources-20261007-01/asset-sources.json
ue:/Game/Hearthward/Assets/NaturalWorld/Rebuild/Textures/T_Tree_branches_N,/Game/Hearthward/Assets/NaturalWorld/Rebuild/Textures/T_Tree_branches_N,art_source/TASK-004/polyhaven/,SOURCE_FAMILY_CANDIDATE,CC0_SOURCE_RECORDED_PACKAGE_PAIRING_PENDING,EXACT_SOURCE_PAIR_AND_OWNER_VISUAL_PENDING,READ,"[""Texture2D""]","[""READ""]","[{""project_relative_source"":""art_source/TASK-004/polyhaven/树木/蓝花楹树/textures/jacaranda_tree_branches_nor_gl_4k.png"",""state"":""PRESENT"",""bytes"":78433352}]",IMPORTED_PROJECT_SOURCE_PRESENT,WITHIN_OR_EQUAL_TO_STATIC_CANDIDATE,[],NO_SOURCE_EVIDENCE_WITHIN_SELECTED_DIRECT_DEPENDENCIES,READ,1,READ,1,[],0,NOT_EVALUATED,docs/qa/TASK-094/registry-sources-20261007-01/asset-sources.json
ue:/Game/Hearthward/Assets/NaturalWorld/Rebuild/Textures/T_Tree_leaves_Alpha,/Game/Hearthward/Assets/NaturalWorld/Rebuild/Textures/T_Tree_leaves_Alpha,art_source/TASK-004/polyhaven/,SOURCE_FAMILY_CANDIDATE,CC0_SOURCE_RECORDED_PACKAGE_PAIRING_PENDING,EXACT_SOURCE_PAIR_AND_OWNER_VISUAL_PENDING,READ,"[""Texture2D""]","[""READ""]","[{""project_relative_source"":""art_source/TASK-004/polyhaven/树木/蓝花楹树/textures/jacaranda_tree_leaves_alpha_4k.png"",""state"":""PRESENT"",""bytes"":3540700}]",IMPORTED_PROJECT_SOURCE_PRESENT,WITHIN_OR_EQUAL_TO_STATIC_CANDIDATE,[],NO_SOURCE_EVIDENCE_WITHIN_SELECTED_DIRECT_DEPENDENCIES,READ,1,READ,1,[],0,NOT_EVALUATED,docs/qa/TASK-094/registry-sources-20261007-01/asset-sources.json
ue:/Game/Hearthward/Assets/NaturalWorld/Rebuild/Textures/T_Tree_leaves_D,/Game/Hearthward/Assets/NaturalWorld/Rebuild/Textures/T_Tree_leaves_D,art_source/TASK-004/polyhaven/,SOURCE_FAMILY_CANDIDATE,CC0_SOURCE_RECORDED_PACKAGE_PAIRING_PENDING,EXACT_SOURCE_PAIR_AND_OWNER_VISUAL_PENDING,READ,"[""Texture2D""]","[""READ""]","[{""project_relative_source"":""art_source/TASK-004/polyhaven/树木/蓝花楹树/textures/jacaranda_tree_leaves_diff_4k.png"",""state"":""PRESENT"",""bytes"":28325601}]",IMPORTED_PROJECT_SOURCE_PRESENT,WITHIN_OR_EQUAL_TO_STATIC_CANDIDATE,[],NO_SOURCE_EVIDENCE_WITHIN_SELECTED_DIRECT_DEPENDENCIES,READ,1,READ,1,[],0,NOT_EVALUATED,docs/qa/TASK-094/registry-sources-20261007-01/asset-sources.json
ue:/Game/Hearthward/Assets/NaturalWorld/Rebuild/Textures/T_Tree_leaves_N,/Game/Hearthward/Assets/NaturalWorld/Rebuild/Textures/T_Tree_leaves_N,art_source/TASK-004/polyhaven/,SOURCE_FAMILY_CANDIDATE,CC0_SOURCE_RECORDED_PACKAGE_PAIRING_PENDING,EXACT_SOURCE_PAIR_AND_OWNER_VISUAL_PENDING,READ,"[""Texture2D""]","[""READ""]","[{""project_relative_source"":""art_source/TASK-004/polyhaven/树木/蓝花楹树/textures/jacaranda_tree_leaves_nor_gl_4k.png"",""state"":""PRESENT"",""bytes"":50567119}]",IMPORTED_PROJECT_SOURCE_PRESENT,WITHIN_OR_EQUAL_TO_STATIC_CANDIDATE,[],NO_SOURCE_EVIDENCE_WITHIN_SELECTED_DIRECT_DEPENDENCIES,READ,1,READ,1,[],0,NOT_EVALUATED,docs/qa/TASK-094/registry-sources-20261007-01/asset-sources.json
ue:/Game/Hearthward/Assets/NaturalWorld/Rebuild/Textures/T_Tree_trunk_D,/Game/Hearthward/Assets/NaturalWorld/Rebuild/Textures/T_Tree_trunk_D,art_source/TASK-004/polyhaven/,SOURCE_FAMILY_CANDIDATE,CC0_SOURCE_RECORDED_PACKAGE_PAIRING_PENDING,EXACT_SOURCE_PAIR_AND_OWNER_VISUAL_PENDING,READ,"[""Texture2D""]","[""READ""]","[{""project_relative_source"":""art_source/TASK-004/polyhaven/树木/蓝花楹树/textures/jacaranda_tree_trunk_diff_4k.png"",""state"":""PRESENT"",""bytes"":71348386}]",IMPORTED_PROJECT_SOURCE_PRESENT,WITHIN_OR_EQUAL_TO_STATIC_CANDIDATE,[],NO_SOURCE_EVIDENCE_WITHIN_SELECTED_DIRECT_DEPENDENCIES,READ,1,READ,1,[],0,NOT_EVALUATED,docs/qa/TASK-094/registry-sources-20261007-01/asset-sources.json
ue:/Game/Hearthward/Assets/NaturalWorld/Rebuild/Textures/T_Tree_trunk_N,/Game/Hearthward/Assets/NaturalWorld/Rebuild/Textures/T_Tree_trunk_N,art_source/TASK-004/polyhaven/,SOURCE_FAMILY_CANDIDATE,CC0_SOURCE_RECORDED_PACKAGE_PAIRING_PENDING,EXACT_SOURCE_PAIR_AND_OWNER_VISUAL_PENDING,READ,"[""Texture2D""]","[""READ""]","[{""project_relative_source"":""art_source/TASK-004/polyhaven/树木/蓝花楹树/textures/jacaranda_tree_trunk_nor_gl_4k.png"",""state"":""PRESENT"",""bytes"":72165570}]",IMPORTED_PROJECT_SOURCE_PRESENT,WITHIN_OR_EQUAL_TO_STATIC_CANDIDATE,[],NO_SOURCE_EVIDENCE_WITHIN_SELECTED_DIRECT_DEPENDENCIES,READ,1,READ,1,[],0,NOT_EVALUATED,docs/qa/TASK-094/registry-sources-20261007-01/asset-sources.json
ue:/Game/Hearthward/Assets/NaturalWorld/Rebuild/Textures/T_Water_N,/Game/Hearthward/Assets/NaturalWorld/Rebuild/Textures/T_Water_N,art_source/TASK-026/Rebuild/,SOURCE_FAMILY_CANDIDATE,UNKNOWN,SOURCE_OR_LICENCE_UNKNOWN,READ,"[""Texture2D""]","[""READ""]","[{""project_relative_source"":""art_source/TASK-026/Rebuild/water_normal.png"",""state"":""PRESENT"",""bytes"":209552}]",IMPORTED_PROJECT_SOURCE_PRESENT,WITHIN_OR_EQUAL_TO_STATIC_CANDIDATE,[],NO_SOURCE_EVIDENCE_WITHIN_SELECTED_DIRECT_DEPENDENCIES,READ,1,READ,2,[],0,NOT_EVALUATED,docs/qa/TASK-094/registry-sources-20261007-01/asset-sources.json
ue:/Game/Hearthward/Assets/TASK-028/house/backing/M_FloorBacking,/Game/Hearthward/Assets/TASK-028/house/backing/M_FloorBacking,UNRESOLVED,UNKNOWN,UNKNOWN,SOURCE_OR_LICENCE_UNKNOWN,READ,"[""Material""]","[""NOT_APPLICABLE_TO_CLASS""]",[],NOT_APPLICABLE_TO_CLASS,NOT_EVALUATED,[],NO_SOURCE_EVIDENCE_WITHIN_SELECTED_DIRECT_DEPENDENCIES,READ,0,READ,0,[],0,NOT_EVALUATED,docs/qa/TASK-094/registry-sources-20261007-01/asset-sources.json
ue:/Game/Hearthward/Assets/TASK-028/house/backing/M_RoofBacking,/Game/Hearthward/Assets/TASK-028/house/backing/M_RoofBacking,UNRESOLVED,UNKNOWN,UNKNOWN,SOURCE_OR_LICENCE_UNKNOWN,READ,"[""Material""]","[""NOT_APPLICABLE_TO_CLASS""]",[],NOT_APPLICABLE_TO_CLASS,NOT_EVALUATED,[],NO_SOURCE_EVIDENCE_WITHIN_SELECTED_DIRECT_DEPENDENCIES,READ,0,READ,0,[],0,NOT_EVALUATED,docs/qa/TASK-094/registry-sources-20261007-01/asset-sources.json
ue:/Game/Hearthward/Bootstrap/L_Bootstrap,/Game/Hearthward/Bootstrap/L_Bootstrap,UNRESOLVED,UNKNOWN,UNKNOWN,SOURCE_OR_LICENCE_UNKNOWN,READ,"[""World""]","[""NOT_APPLICABLE_TO_CLASS""]",[],NOT_APPLICABLE_TO_CLASS,NOT_EVALUATED,[],NO_SOURCE_EVIDENCE_WITHIN_SELECTED_DIRECT_DEPENDENCIES,READ,6,READ,0,[],0,NOT_EVALUATED,docs/qa/TASK-094/registry-sources-20261007-01/asset-sources.json
ue:/Game/Hearthward/Tests/AnimalMotion/Materials/M_Grass_PBR,/Game/Hearthward/Tests/AnimalMotion/Materials/M_Grass_PBR,UNRESOLVED,UNKNOWN,UNKNOWN,SOURCE_OR_LICENCE_UNKNOWN,READ,"[""Material""]","[""NOT_APPLICABLE_TO_CLASS""]",[],NOT_APPLICABLE_TO_CLASS,NOT_EVALUATED,[],NO_SOURCE_EVIDENCE_WITHIN_SELECTED_DIRECT_DEPENDENCIES,READ,2,READ,0,[],0,NOT_EVALUATED,docs/qa/TASK-094/registry-sources-20261007-01/asset-sources.json
ue:/Game/Hearthward/Tests/AnimalMotion/Materials/M_Wood_PBR,/Game/Hearthward/Tests/AnimalMotion/Materials/M_Wood_PBR,UNRESOLVED,UNKNOWN,UNKNOWN,SOURCE_OR_LICENCE_UNKNOWN,READ,"[""Material""]","[""NOT_APPLICABLE_TO_CLASS""]",[],NOT_APPLICABLE_TO_CLASS,NOT_EVALUATED,[],NO_SOURCE_EVIDENCE_WITHIN_SELECTED_DIRECT_DEPENDENCIES,READ,2,READ,0,[],0,NOT_EVALUATED,docs/qa/TASK-094/registry-sources-20261007-01/asset-sources.json
ue:/Game/Hearthward/World/Natural/Rebuild/L_HearthwardWilds,/Game/Hearthward/World/Natural/Rebuild/L_HearthwardWilds,UNRESOLVED,UNKNOWN,UNKNOWN,SOURCE_OR_LICENCE_UNKNOWN,READ,"[""World""]","[""NOT_APPLICABLE_TO_CLASS""]",[],NOT_APPLICABLE_TO_CLASS,NOT_EVALUATED,[],NO_SOURCE_EVIDENCE_WITHIN_SELECTED_DIRECT_DEPENDENCIES,READ,1349,READ,1345,[],1330,NOT_EVALUATED,docs/qa/TASK-094/registry-sources-20261007-01/asset-sources.json
requirement:action_environment_sfx,UNRESOLVED,UNRESOLVED,UNKNOWN,UNKNOWN,SOURCE_OR_LICENCE_UNKNOWN,UNRESOLVED_REQUIREMENT_NO_PACKAGE,null,null,null,UNRESOLVED,NOT_EVALUATED,null,NOT_EVALUATED,NOT_APPLICABLE_NO_PACKAGE,null,NOT_APPLICABLE_NO_PACKAGE,null,null,null,NOT_EVALUATED,docs/qa/TASK-094/registry-sources-20261007-01/asset-sources.json
requirement:archer_visual,UNRESOLVED,UNRESOLVED,UNKNOWN,UNKNOWN,SOURCE_OR_LICENCE_UNKNOWN,UNRESOLVED_REQUIREMENT_NO_PACKAGE,null,null,null,UNRESOLVED,NOT_EVALUATED,null,NOT_EVALUATED,NOT_APPLICABLE_NO_PACKAGE,null,NOT_APPLICABLE_NO_PACKAGE,null,null,null,NOT_EVALUATED,docs/qa/TASK-094/registry-sources-20261007-01/asset-sources.json
requirement:boar_visual,UNRESOLVED,UNRESOLVED,UNKNOWN,UNKNOWN,SOURCE_OR_LICENCE_UNKNOWN,UNRESOLVED_REQUIREMENT_NO_PACKAGE,null,null,null,UNRESOLVED,NOT_EVALUATED,null,NOT_EVALUATED,NOT_APPLICABLE_NO_PACKAGE,null,NOT_APPLICABLE_NO_PACKAGE,null,null,null,NOT_EVALUATED,docs/qa/TASK-094/registry-sources-20261007-01/asset-sources.json
requirement:civilian_visual,UNRESOLVED,UNRESOLVED,UNKNOWN,UNKNOWN,SOURCE_OR_LICENCE_UNKNOWN,UNRESOLVED_REQUIREMENT_NO_PACKAGE,null,null,null,UNRESOLVED,NOT_EVALUATED,null,NOT_EVALUATED,NOT_APPLICABLE_NO_PACKAGE,null,NOT_APPLICABLE_NO_PACKAGE,null,null,null,NOT_EVALUATED,docs/qa/TASK-094/registry-sources-20261007-01/asset-sources.json
requirement:cooking_visual,UNRESOLVED,UNRESOLVED,UNKNOWN,UNKNOWN,SOURCE_OR_LICENCE_UNKNOWN,UNRESOLVED_REQUIREMENT_NO_PACKAGE,null,null,null,UNRESOLVED,NOT_EVALUATED,null,NOT_EVALUATED,NOT_APPLICABLE_NO_PACKAGE,null,NOT_APPLICABLE_NO_PACKAGE,null,null,null,NOT_EVALUATED,docs/qa/TASK-094/registry-sources-20261007-01/asset-sources.json
requirement:forge_visual,UNRESOLVED,UNRESOLVED,UNKNOWN,UNKNOWN,SOURCE_OR_LICENCE_UNKNOWN,UNRESOLVED_REQUIREMENT_NO_PACKAGE,null,null,null,UNRESOLVED,NOT_EVALUATED,null,NOT_EVALUATED,NOT_APPLICABLE_NO_PACKAGE,null,NOT_APPLICABLE_NO_PACKAGE,null,null,null,NOT_EVALUATED,docs/qa/TASK-094/registry-sources-20261007-01/asset-sources.json
requirement:leggings_visual,UNRESOLVED,UNRESOLVED,UNKNOWN,UNKNOWN,SOURCE_OR_LICENCE_UNKNOWN,UNRESOLVED_REQUIREMENT_NO_PACKAGE,null,null,null,UNRESOLVED,NOT_EVALUATED,null,NOT_EVALUATED,NOT_APPLICABLE_NO_PACKAGE,null,NOT_APPLICABLE_NO_PACKAGE,null,null,null,NOT_EVALUATED,docs/qa/TASK-094/registry-sources-20261007-01/asset-sources.json
requirement:quiver_visual,UNRESOLVED,UNRESOLVED,UNKNOWN,UNKNOWN,SOURCE_OR_LICENCE_UNKNOWN,UNRESOLVED_REQUIREMENT_NO_PACKAGE,null,null,null,UNRESOLVED,NOT_EVALUATED,null,NOT_EVALUATED,NOT_APPLICABLE_NO_PACKAGE,null,NOT_APPLICABLE_NO_PACKAGE,null,null,null,NOT_EVALUATED,docs/qa/TASK-094/registry-sources-20261007-01/asset-sources.json
requirement:shield_visual,UNRESOLVED,UNRESOLVED,UNKNOWN,UNKNOWN,SOURCE_OR_LICENCE_UNKNOWN,UNRESOLVED_REQUIREMENT_NO_PACKAGE,null,null,null,UNRESOLVED,NOT_EVALUATED,null,NOT_EVALUATED,NOT_APPLICABLE_NO_PACKAGE,null,NOT_APPLICABLE_NO_PACKAGE,null,null,null,NOT_EVALUATED,docs/qa/TASK-094/registry-sources-20261007-01/asset-sources.json
requirement:smelter_visual,UNRESOLVED,UNRESOLVED,UNKNOWN,UNKNOWN,SOURCE_OR_LICENCE_UNKNOWN,UNRESOLVED_REQUIREMENT_NO_PACKAGE,null,null,null,UNRESOLVED,NOT_EVALUATED,null,NOT_EVALUATED,NOT_APPLICABLE_NO_PACKAGE,null,NOT_APPLICABLE_NO_PACKAGE,null,null,null,NOT_EVALUATED,docs/qa/TASK-094/registry-sources-20261007-01/asset-sources.json
